p787,l0
p1212,l1
p987,l2
p761,l3
p345,l4
p110,l5
p489,l6
p718,l7
p1579,l8
p1549,l9
p853,l10
p198,l11
p1111,l12
p1763,l13
p1341,l14
p602,l15
p1659,l16
p613,l17
p490,l18
p1451,l19
p1857,l20
p1816,l21
p1510,l22
p1871,l23
p1406,l24
p1545,l25
p921,l26
p357,l27
p1250,l28
p1218,l29
p377,l30
p1798,l31
p1601,l32
p219,l33
p1179,l34
p1801,l35
p394,l36
p1215,l37
p798,l38
p292,l39
p925,l40
p990,l41
p245,l42
p449,l43
p1732,l44
p539,l45
p1599,l46
p103,l47
p1750,l48
p1092,l49
p949,l50
p1978,l51
p1499,l52
p1804,l53
p127,l54
p301,l55
p1883,l56
p1880,l57
p1005,l58
p1320,l59
p1241,l60
p1335,l61
p487,l62
p1216,l63
p1183,l64
p1078,l65
p1227,l66
p780,l67
p1901,l68
p549,l69
p475,l70
p499,l71
p1763,l72
p1027,l73
p354,l74
p1569,l75
p747,l76
p186,l77
p543,l78
p1608,l79
p389,l80
p534,l81
p1695,l82
p261,l83
p1633,l84
p1841,l85
p973,l86
p699,l87
p1965,l88
p1485,l89
p1,l90
p412,l91
p417,l92
p1052,l93
p97,l94
p289,l95
p777,l96
p1894,l97
p560,l98
p1781,l99
p429,l100
p1786,l101
p1970,l102
p227,l103
p1573,l104
p62,l105
p1137,l106
p1160,l107
p540,l108
p1992,l109
p1649,l110
p838,l111
p921,l112
p663,l113
p886,l114
p1545,l115
p1064,l116
p1023,l117
p152,l118
p1318,l119
p158,l120
p368,l121
p217,l122
p1696,l123
p724,l124
p684,l125
p1160,l126
p1764,l127
p30,l128
p1031,l129
p465,l130
p1469,l131
p343,l132
p738,l133
p855,l134
p1994,l135
p592,l136
p346,l137
p1610,l138
p763,l139
p752,l140
p1667,l141
p1634,l142
p744,l143
p178,l144
p1457,l145
p1395,l146
p1763,l147
p1731,l148
p1404,l149
p1243,l150
p490,l151
p1538,l152
p1314,l153
p1618,l154
p1995,l155
p1670,l156
p1332,l157
p1414,l158
p654,l159
p1319,l160
p716,l161
p2,l162
p1092,l163
p1461,l164
p1939,l165
p1783,l166
p747,l167
p996,l168
p1729,l169
p1776,l170
p1629,l171
p313,l172
p95,l173
p1639,l174
p1547,l175
p1026,l176
p380,l177
p489,l178
p897,l179
p1639,l180
p1182,l181
p46,l182
p1110,l183
p1190,l184
p1437,l185
p923,l186
p1,l187
p1575,l188
p910,l189
p1832,l190
p1915,l191
p323,l192
p1528,l193
p1957,l194
p1278,l195
p1548,l196
p1114,l197
p1716,l198
p1764,l199
p315,l200
p55,l201
p1042,l202
p1767,l203
p1509,l204
p1262,l205
p898,l206
p1043,l207
p1176,l208
p471,l209
p1605,l210
p1236,l211
p531,l212
p1904,l213
p170,l214
p1705,l215
p1423,l216
p580,l217
p1763,l218
p1937,l219
p325,l220
p288,l221
p1313,l222
p978,l223
p1019,l224
p1192,l225
p505,l226
p1859,l227
p1537,l228
p604,l229
p402,l230
p685,l231
p633,l232
p1203,l233
p1926,l234
p4,l235
p600,l236
p1799,l237
p106,l238
p1132,l239
p306,l240
p531,l241
p1810,l242
p1782,l243
p1649,l244
p154,l245
p747,l246
p495,l247
p1886,l248
p617,l249
p137,l250
p647,l251
p531,l252
p351,l253
p119,l254
p236,l255
p958,l256
p1951,l257
p307,l258
p1609,l259
p628,l260
p1333,l261
p1045,l262
p1239,l263
p1426,l264
p1556,l265
p171,l266
p1475,l267
p453,l268
p1777,l269
p264,l270
p1471,l271
p96,l272
p973,l273
p373,l274
p1365,l275
p1904,l276
p722,l277
p1975,l278
p1728,l279
p1813,l280
p516,l281
p185,l282
p787,l283
p1954,l284
p1564,l285
p1285,l286
p1701,l287
p968,l288
p1931,l289
p1590,l290
p1373,l291
p215,l292
p484,l293
p1219,l294
p1238,l295
p492,l296
p1296,l297
p371,l298
p1369,l299
