p0,p184
p0,p584
p0,p1002
p0,p1031
p0,p1300
p1,p264
p1,p500
p1,p1217
p2,p81
p2,p829
p2,p1141
p3,p10
p3,p61
p3,p1604
p3,p1691
p4,p70
p4,p473
p4,p1198
p4,p1377
p5,p365
p5,p801
p5,p1054
p6,p662
p6,p993
p6,p1845
p7,p342
p7,p397
p7,p1060
p7,p1310
p7,p1432
p8,p236
p8,p1288
p9,p1147
p9,p1277
p9,p1830
p10,p61
p10,p1340
p10,p1457
p10,p1889
p11,p1283
p11,p1327
p11,p1443
p12,p165
p12,p400
p12,p1011
p12,p1283
p12,p1746
p13,p18
p13,p1026
p13,p1222
p14,p387
p14,p918
p14,p1574
p15,p992
p15,p1169
p15,p1657
p16,p385
p16,p803
p16,p1297
p17,p305
p17,p1111
p17,p1418
p17,p1449
p18,p1256
p18,p1260
p19,p114
p19,p594
p19,p1452
p19,p1561
p19,p1787
p20,p480
p20,p847
p20,p1292
p20,p1849
p21,p586
p21,p1454
p21,p1550
p22,p573
p22,p1105
p22,p1208
p22,p1711
p23,p68
p23,p225
p23,p484
p23,p617
p23,p939
p24,p454
p24,p890
p24,p916
p24,p1543
p25,p459
p25,p480
p25,p924
p25,p1125
p26,p1264
p26,p1572
p26,p1697
p27,p75
p27,p493
p27,p600
p27,p1546
p28,p83
p28,p846
p29,p303
p29,p429
p29,p1025
p29,p1081
p29,p1362
p30,p970
p30,p1111
p30,p1449
p30,p1979
p31,p272
p31,p932
p32,p689
p32,p1747
p32,p1790
p33,p154
p33,p375
p33,p1409
p34,p1092
p34,p1959
p35,p328
p35,p581
p35,p1158
p36,p698
p36,p701
p36,p766
p36,p921
p36,p1110
p37,p223
p37,p1314
p37,p1701
p38,p1044
p38,p1342
p38,p1507
p39,p52
p39,p651
p39,p933
p39,p1557
p40,p445
p40,p579
p40,p1875
p41,p558
p41,p815
p41,p1150
p41,p1638
p42,p156
p42,p249
p42,p387
p42,p1572
p43,p44
p43,p999
p43,p1549
p43,p1902
p44,p106
p44,p306
p44,p807
p44,p999
p45,p50
p45,p912
p45,p1105
p45,p1208
p46,p1415
p46,p1688
p46,p1930
p47,p993
p47,p1128
p47,p1297
p48,p148
p48,p1550
p49,p732
p49,p748
p49,p805
p49,p1239
p49,p1789
p50,p415
p50,p1208
p51,p278
p51,p873
p51,p1512
p51,p1812
p52,p474
p53,p347
p53,p1063
p53,p1354
p53,p1685
p54,p55
p54,p845
p54,p1251
p54,p1290
p55,p263
p55,p1290
p55,p1992
p56,p1224
p56,p1461
p56,p1633
p56,p1891
p57,p467
p57,p1194
p57,p1478
p58,p219
p58,p418
p58,p1825
p58,p1829
p59,p435
p59,p822
p59,p1214
p59,p1736
p60,p104
p60,p673
p60,p1613
p60,p1722
p61,p334
p61,p442
p61,p495
p62,p261
p62,p475
p62,p1191
p62,p1665
p63,p762
p63,p935
p63,p1062
p63,p1749
p64,p681
p64,p757
p64,p1232
p64,p1358
p65,p134
p65,p202
p65,p442
p65,p1988
p66,p490
p66,p1336
p66,p1833
p67,p681
p67,p1695
p68,p209
p68,p1196
p68,p1605
p69,p95
p69,p857
p69,p1406
p69,p1895
p70,p125
p70,p1198
p70,p1377
p71,p439
p71,p700
p71,p890
p71,p1655
p72,p535
p72,p918
p72,p938
p72,p1326
p72,p1574
p73,p154
p73,p378
p73,p530
p73,p1774
p74,p566
p74,p773
p74,p1028
p74,p1299
p74,p1422
p74,p1821
p75,p682
p75,p742
p75,p1413
p76,p396
p76,p1182
p76,p1861
p76,p1867
p76,p1893
p77,p128
p77,p195
p77,p281
p78,p210
p78,p1347
p78,p1590
p78,p1688
p79,p658
p79,p1883
p79,p1926
p80,p155
p80,p339
p80,p1172
p81,p725
p81,p861
p81,p1408
p82,p393
p82,p1237
p82,p1911
p83,p279
p83,p954
p84,p317
p84,p971
p84,p1437
p85,p101
p85,p995
p85,p1051
p85,p1953
p86,p124
p86,p1343
p86,p1593
p87,p733
p87,p1555
p87,p1733
p88,p291
p88,p597
p88,p1497
p88,p1513
p89,p428
p89,p1147
p89,p1246
p89,p1424
p90,p1015
p90,p1542
p90,p1772
p91,p408
p91,p409
p91,p959
p91,p1754
p92,p271
p92,p716
p92,p855
p92,p1162
p92,p1767
p93,p456
p93,p598
p93,p735
p93,p835
p93,p1199
p93,p1325
p94,p277
p94,p619
p94,p704
p95,p1406
p95,p1863
p96,p459
p96,p725
p96,p847
p96,p861
p97,p637
p97,p641
p97,p1428
p97,p1463
p98,p194
p98,p1344
p98,p1472
p99,p137
p99,p1323
p99,p1579
p99,p1963
p100,p216
p100,p521
p100,p1296
p100,p1476
p100,p1792
p100,p1795
p100,p1801
p101,p437
p101,p1051
p102,p172
p102,p307
p102,p1538
p102,p1658
p102,p1795
p103,p205
p103,p318
p103,p350
p103,p1015
p104,p1613
p104,p1734
p104,p1775
p105,p929
p105,p1070
p105,p1994
p106,p768
p106,p807
p106,p1372
p107,p191
p107,p934
p107,p1726
p107,p1823
p108,p539
p108,p550
p109,p339
p109,p497
p109,p906
p109,p1681
p110,p431
p110,p804
p110,p1117
p110,p1303
p111,p1110
p111,p1350
p111,p1803
p112,p546
p112,p674
p112,p723
p112,p1109
p113,p930
p113,p1393
p113,p1624
p113,p1650
p114,p470
p114,p915
p114,p965
p114,p1541
p115,p647
p115,p1225
p115,p1483
p115,p1493
p116,p181
p116,p207
p116,p1152
p116,p1516
p117,p282
p117,p590
p117,p870
p118,p389
p118,p453
p119,p280
p119,p995
p119,p1234
p119,p1899
p120,p367
p120,p508
p120,p1551
p120,p1602
p120,p1752
p121,p769
p121,p1921
p121,p1997
p122,p840
p122,p1452
p122,p1561
p123,p200
p123,p208
p123,p405
p123,p1681
p123,p1788
p124,p743
p124,p1192
p124,p1593
p125,p1198
p125,p1657
p126,p235
p126,p930
p126,p1035
p126,p1213
p126,p1756
p126,p1760
p127,p528
p127,p911
p127,p1090
p127,p1460
p127,p1817
p128,p281
p128,p720
p128,p1473
p128,p1912
p129,p304
p129,p622
p129,p844
p129,p865
p130,p676
p130,p900
p130,p1335
p130,p1707
p131,p1023
p131,p1699
p131,p1706
p131,p1903
p132,p491
p132,p640
p132,p981
p132,p1932
p133,p333
p133,p406
p133,p979
p133,p1563
p134,p343
p134,p1486
p134,p1747
p135,p194
p135,p537
p135,p1203
p136,p1209
p136,p1450
p136,p1888
p137,p1001
p137,p1156
p137,p1216
p137,p1518
p137,p1918
p138,p247
p138,p1080
p138,p1093
p139,p297
p139,p518
p139,p559
p139,p1733
p139,p1957
p140,p598
p140,p1459
p140,p1934
p141,p307
p141,p1877
p142,p292
p142,p609
p142,p1243
p143,p1100
p143,p1107
p143,p1331
p143,p1742
p144,p194
p144,p553
p144,p1675
p144,p1853
p145,p277
p145,p619
p145,p1505
p145,p1565
p145,p1872
p146,p1366
p146,p1630
p146,p1727
p147,p952
p147,p1482
p147,p1492
p148,p1807
p148,p1944
p149,p992
p149,p1169
p149,p1442
p149,p1905
p150,p441
p150,p683
p150,p1367
p150,p1917
p151,p848
p151,p1794
p151,p1894
p152,p314
p152,p797
p152,p856
p152,p1360
p153,p370
p153,p1719
p153,p1964
p154,p286
p154,p378
p154,p1021
p154,p1409
p155,p180
p155,p906
p156,p738
p156,p1350
p157,p786
p157,p1179
p157,p1328
p157,p1679
p158,p616
p158,p850
p158,p1202
p158,p1242
p159,p998
p159,p1230
p159,p1276
p159,p1448
p159,p1997
p160,p230
p160,p983
p160,p1318
p160,p1560
p160,p1698
p161,p267
p161,p1603
p162,p973
p162,p1018
p162,p1390
p162,p1466
p163,p760
p163,p1097
p163,p1545
p164,p523
p164,p561
p164,p687
p164,p1901
p165,p735
p165,p1199
p165,p1327
p165,p1746
p166,p566
p166,p765
p166,p1229
p166,p1744
p167,p464
p167,p669
p167,p1178
p167,p1809
p168,p371
p168,p776
p168,p1086
p168,p1548
p168,p1646
p169,p499
p169,p1136
p169,p1610
p170,p858
p170,p1343
p170,p1668
p171,p1774
p171,p1836
p171,p1863
p172,p307
p172,p739
p172,p1557
p173,p260
p173,p640
p173,p941
p173,p1646
p174,p478
p174,p711
p174,p1591
p175,p182
p175,p463
p175,p1959
p176,p860
p176,p1000
p176,p1420
p176,p1621
p176,p1756
p177,p1545
p177,p1860
p178,p286
p178,p602
p178,p738
p178,p1311
p178,p1943
p179,p355
p179,p694
p179,p1037
p180,p301
p180,p601
p180,p1915
p181,p909
p181,p1152
p181,p1521
p182,p463
p182,p604
p182,p615
p182,p1084
p182,p1456
p182,p1959
p183,p346
p183,p715
p183,p886
p183,p1759
p184,p213
p184,p584
p184,p1720
p185,p328
p185,p530
p185,p581
p185,p1774
p186,p199
p186,p1662
p186,p1890
p187,p372
p187,p478
p187,p647
p187,p842
p187,p961
p187,p1192
p187,p1493
p188,p390
p188,p588
p188,p836
p189,p392
p189,p525
p189,p1386
p189,p1727
p190,p1036
p190,p1332
p190,p1592
p190,p1692
p191,p643
p191,p1726
p191,p1955
p192,p292
p192,p838
p192,p1243
p192,p1499
p193,p585
p193,p898
p193,p1028
p194,p1203
p194,p1853
p195,p1436
p195,p1852
p196,p1260
p196,p1595
p196,p1724
p196,p1839
p197,p508
p197,p884
p197,p1366
p198,p449
p198,p492
p198,p1798
p198,p1954
p198,p1995
p199,p1515
p199,p1890
p200,p208
p200,p796
p200,p1215
p201,p1202
p201,p1555
p201,p1728
p201,p1733
p201,p1928
p202,p442
p202,p1481
p202,p1988
p203,p326
p203,p451
p203,p536
p203,p611
p204,p386
p204,p544
p204,p632
p205,p468
p205,p614
p205,p1638
p206,p1345
p206,p1389
p207,p516
p207,p1002
p207,p1034
p207,p1152
p207,p1516
p208,p510
p208,p796
p208,p1788
p209,p568
p209,p1196
p209,p1615
p210,p512
p211,p565
p211,p853
p211,p1227
p212,p315
p212,p1498
p212,p1910
p213,p584
p213,p887
p214,p574
p214,p656
p214,p1087
p215,p710
p215,p732
p215,p791
p215,p962
p215,p1601
p216,p1171
p216,p1212
p216,p1476
p217,p233
p217,p737
p217,p1150
p217,p1922
p218,p336
p218,p400
p218,p1223
p218,p1280
p218,p1746
p219,p418
p219,p731
p219,p1829
p220,p1076
p220,p1705
p220,p1723
p220,p1927
p221,p366
p221,p1259
p221,p1460
p221,p1556
p222,p1140
p222,p1146
p222,p1187
p222,p1407
p222,p1854
p222,p1893
p223,p238
p223,p419
p223,p1314
p223,p1701
p223,p1873
p224,p316
p224,p746
p224,p1245
p225,p989
p225,p993
p225,p1196
p226,p575
p226,p603
p226,p1483
p226,p1881
p227,p534
p227,p816
p227,p1423
p227,p1842
p228,p1294
p228,p1537
p228,p1647
p229,p230
p229,p896
p229,p926
p229,p1318
p230,p896
p230,p1318
p230,p1698
p231,p748
p231,p1366
p231,p1789
p232,p724
p232,p811
p232,p1055
p232,p1108
p232,p1514
p233,p1150
p233,p1496
p234,p1271
p234,p1559
p234,p1620
p234,p1926
p235,p241
p235,p1035
p236,p533
p237,p652
p237,p1003
p237,p1218
p237,p1583
p237,p1585
p238,p332
p238,p1664
p238,p1969
p239,p402
p239,p881
p239,p1843
p240,p723
p240,p1029
p240,p1370
p240,p1506
p241,p330
p241,p667
p241,p1567
p241,p1760
p242,p346
p242,p373
p242,p1614
p243,p328
p243,p777
p243,p938
p244,p296
p244,p1317
p244,p1546
p244,p1896
p245,p833
p245,p1412
p245,p1415
p245,p1738
p246,p273
p246,p1143
p246,p1875
p247,p522
p247,p1080
p247,p1861
p248,p959
p248,p1444
p248,p1639
p248,p1754
p249,p712
p249,p1350
p249,p1572
p249,p1626
p250,p320
p250,p1442
p250,p1822
p250,p1914
p251,p271
p251,p354
p251,p489
p251,p1767
p251,p1993
p252,p641
p252,p704
p252,p1372
p253,p751
p253,p963
p253,p1005
p253,p1711
p254,p321
p254,p1247
p254,p1477
p254,p1510
p255,p628
p255,p1013
p255,p1565
p255,p1794
p256,p1014
p256,p1667
p256,p1996
p257,p759
p257,p817
p257,p1122
p257,p1153
p257,p1397
p258,p269
p258,p469
p258,p660
p258,p1104
p258,p1809
p259,p562
p259,p676
p259,p1430
p259,p1463
p259,p1866
p260,p1646
p260,p1804
p261,p1019
p261,p1045
p261,p1191
p261,p1967
p262,p447
p262,p976
p262,p1064
p262,p1188
p262,p1741
p263,p964
p263,p1355
p264,p362
p264,p509
p265,p343
p265,p495
p265,p1604
p265,p1790
p266,p1152
p266,p1618
p266,p1641
p267,p1156
p267,p1842
p267,p1918
p268,p446
p268,p745
p268,p826
p268,p1933
p269,p464
p269,p469
p269,p1584
p270,p539
p270,p894
p270,p1359
p271,p991
p271,p1993
p272,p1200
p272,p1259
p272,p1464
p273,p526
p273,p1189
p274,p466
p274,p779
p274,p810
p275,p438
p275,p588
p275,p984
p275,p1145
p275,p1631
p275,p1921
p276,p313
p276,p390
p276,p1047
p276,p1161
p277,p895
p277,p1146
p277,p1872
p278,p287
p278,p834
p278,p960
p278,p1839
p279,p752
p279,p846
p279,p1337
p280,p991
p280,p1517
p280,p1899
p281,p1376
p282,p590
p282,p1392
p282,p1488
p282,p1834
p282,p1980
p283,p352
p283,p454
p283,p677
p283,p1543
p283,p1571
p284,p527
p284,p1175
p284,p1348
p284,p1801
p285,p443
p285,p1345
p285,p1768
p286,p486
p286,p1311
p287,p393
p287,p1237
p287,p1512
p288,p815
p288,p1078
p288,p1432
p288,p1638
p289,p300
p289,p815
p289,p876
p289,p1403
p289,p1642
p290,p956
p290,p1027
p290,p1637
p290,p1696
p291,p1294
p291,p1647
p291,p1652
p292,p609
p292,p1243
p292,p1499
p293,p538
p293,p787
p293,p873
p293,p960
p293,p1019
p294,p790
p294,p831
p294,p1660
p294,p1723
p295,p630
p295,p867
p295,p1531
p295,p1692
p295,p1925
p296,p578
p296,p608
p296,p650
p296,p1519
p297,p1186
p297,p1728
p298,p664
p298,p1049
p298,p1659
p298,p1811
p299,p1038
p299,p1050
p299,p1264
p299,p1572
p300,p429
p300,p1150
p300,p1642
p301,p758
p301,p1700
p302,p760
p302,p982
p302,p1042
p302,p1784
p303,p1081
p303,p1362
p303,p1792
p304,p587
p304,p844
p304,p865
p304,p1028
p304,p1962
p305,p476
p305,p1111
p305,p1976
p305,p1987
p306,p577
p306,p1549
p308,p614
p308,p1553
p308,p1772
p309,p841
p309,p1324
p309,p1645
p310,p389
p310,p398
p310,p707
p310,p1387
p311,p849
p311,p1055
p311,p1514
p311,p1901
p312,p471
p312,p943
p312,p1073
p312,p1105
p312,p1277
p312,p1830
p313,p836
p313,p1161
p313,p1204
p313,p1835
p313,p1895
p314,p445
p314,p1764
p314,p1978
p315,p448
p315,p574
p315,p968
p315,p1268
p316,p1049
p316,p1245
p316,p1616
p316,p1623
p317,p927
p317,p1713
p318,p350
p318,p835
p318,p1015
p318,p1325
p319,p803
p319,p1098
p320,p1281
p320,p1773
p320,p1905
p320,p1914
p321,p1043
p321,p1247
p321,p1417
p322,p900
p322,p1006
p323,p638
p323,p1725
p323,p1800
p324,p543
p324,p627
p324,p1365
p325,p374
p325,p909
p325,p945
p326,p422
p326,p611
p326,p795
p326,p1077
p327,p657
p327,p671
p327,p721
p327,p1178
p327,p1278
p329,p965
p329,p1058
p329,p1541
p329,p1796
p330,p437
p330,p888
p330,p1567
p331,p418
p331,p552
p331,p885
p331,p910
p332,p684
p332,p1263
p332,p1461
p333,p1563
p333,p1747
p334,p1481
p334,p1889
p335,p457
p335,p640
p335,p1740
p336,p593
p336,p1746
p336,p1994
p337,p753
p337,p1575
p337,p1744
p338,p406
p338,p564
p338,p834
p338,p1451
p339,p906
p339,p1054
p340,p352
p340,p1074
p340,p1625
p340,p1751
p340,p1781
p341,p619
p341,p1013
p341,p1565
p342,p481
p342,p1060
p343,p442
p343,p1747
p343,p1790
p344,p1298
p344,p1564
p344,p1637
p344,p1956
p345,p394
p345,p526
p345,p1978
p346,p1614
p347,p462
p347,p1063
p347,p1503
p348,p1293
p348,p1388
p348,p1679
p349,p702
p349,p1495
p349,p1592
p349,p1640
p349,p1781
p350,p835
p350,p1029
p350,p1370
p351,p722
p351,p1166
p351,p1193
p351,p1304
p352,p677
p352,p1101
p352,p1972
p353,p403
p353,p711
p353,p899
p353,p1415
p353,p1547
p354,p489
p354,p515
p354,p1060
p354,p1270
p354,p1310
p355,p583
p355,p1020
p355,p1106
p356,p428
p356,p809
p356,p963
p356,p1246
p357,p462
p357,p1288
p358,p502
p358,p729
p358,p1025
p358,p1362
p358,p1382
p358,p1401
p359,p504
p359,p1188
p359,p1362
p359,p1680
p360,p771
p360,p1249
p360,p1643
p360,p1970
p361,p919
p361,p1864
p361,p1906
p362,p965
p362,p1816
p362,p1984
p363,p798
p363,p1093
p363,p1287
p364,p936
p364,p1121
p364,p1368
p365,p850
p365,p1681
p366,p860
p366,p1259
p367,p434
p367,p508
p367,p884
p367,p1551
p368,p675
p368,p974
p368,p1708
p369,p679
p369,p1378
p369,p1983
p370,p582
p370,p1333
p371,p544
p371,p776
p371,p1086
p372,p478
p372,p842
p372,p1265
p372,p1591
p373,p483
p373,p1759
p374,p841
p374,p1375
p374,p1946
p375,p857
p375,p1827
p375,p1907
p376,p610
p376,p880
p377,p623
p377,p772
p377,p890
p377,p1543
p378,p784
p378,p1406
p379,p831
p379,p1086
p380,p689
p380,p813
p380,p852
p380,p894
p380,p1612
p380,p1653
p380,p1808
p381,p492
p381,p1016
p381,p1394
p381,p1632
p382,p887
p382,p1675
p382,p1870
p383,p491
p383,p1189
p383,p1548
p384,p915
p384,p1059
p384,p1552
p384,p1577
p385,p629
p385,p1098
p386,p1033
p386,p1112
p386,p1942
p387,p738
p387,p793
p388,p546
p388,p642
p388,p675
p389,p707
p389,p1383
p389,p1387
p390,p836
p390,p1047
p391,p690
p391,p1153
p391,p1489
p391,p1820
p391,p1949
p392,p525
p392,p1527
p392,p1919
p393,p1595
p394,p1289
p394,p1508
p394,p1778
p395,p514
p395,p752
p395,p1309
p395,p1999
p396,p477
p396,p1455
p397,p614
p397,p1217
p397,p1432
p398,p760
p398,p1322
p399,p1434
p399,p1498
p399,p1582
p399,p1910
p400,p1011
p401,p876
p401,p1234
p401,p1403
p402,p616
p402,p1139
p402,p1438
p402,p1676
p402,p1788
p402,p1904
p403,p540
p403,p789
p403,p1547
p403,p1654
p404,p519
p404,p1008
p404,p1844
p405,p497
p405,p1333
p405,p1380
p405,p1681
p406,p475
p406,p1563
p407,p1306
p407,p1611
p407,p1619
p408,p618
p408,p1754
p409,p553
p409,p887
p409,p1619
p410,p732
p410,p962
p410,p1465
p411,p968
p411,p1267
p412,p498
p412,p1352
p412,p1365
p412,p1367
p413,p624
p413,p1030
p413,p1067
p413,p1775
p414,p561
p414,p1561
p414,p1900
p415,p1373
p415,p1449
p416,p1141
p416,p1388
p416,p1408
p417,p1168
p417,p1201
p417,p1778
p418,p705
p418,p1262
p419,p1349
p419,p1730
p419,p1873
p420,p427
p420,p1135
p420,p1146
p420,p1791
p421,p772
p421,p774
p421,p1316
p421,p1562
p421,p1684
p422,p795
p422,p913
p422,p1077
p422,p1987
p423,p501
p423,p671
p423,p1361
p423,p1752
p424,p547
p424,p926
p424,p1602
p425,p823
p425,p1416
p425,p1467
p425,p1617
p426,p964
p426,p1134
p426,p1649
p427,p709
p427,p1014
p427,p1135
p427,p1157
p428,p1424
p429,p1025
p429,p1081
p429,p1150
p429,p1642
p430,p782
p430,p1337
p430,p1874
p430,p1877
p431,p1117
p431,p1558
p432,p633
p432,p1067
p432,p1573
p432,p1613
p433,p1349
p433,p1431
p434,p884
p434,p1551
p434,p1607
p434,p1617
p434,p1630
p434,p1857
p435,p533
p435,p1026
p435,p1071
p436,p631
p436,p953
p436,p1427
p436,p1511
p437,p888
p438,p863
p438,p1631
p439,p700
p439,p1072
p439,p1321
p439,p1663
p439,p1868
p440,p1075
p440,p1554
p440,p1881
p441,p683
p441,p903
p442,p495
p443,p1768
p444,p665
p444,p996
p444,p1968
p445,p1764
p445,p1978
p446,p494
p446,p745
p446,p1244
p447,p1064
p447,p1188
p447,p1362
p448,p1498
p448,p1532
p449,p1636
p449,p1798
p450,p462
p450,p549
p450,p1026
p450,p1063
p450,p1120
p451,p536
p451,p795
p451,p1686
p452,p927
p452,p1160
p452,p1589
p452,p1721
p453,p802
p453,p1124
p454,p1323
p454,p1543
p455,p808
p455,p1300
p455,p1690
p455,p1824
p456,p1007
p456,p1199
p456,p1459
p456,p1994
p457,p941
p457,p1209
p457,p1927
p458,p557
p458,p1471
p458,p1710
p459,p480
p459,p829
p460,p565
p460,p908
p460,p1421
p460,p1578
p461,p827
p461,p1743
p461,p1870
p462,p1120
p463,p844
p464,p669
p464,p1584
p465,p928
p465,p1005
p465,p1057
p465,p1197
p465,p1391
p466,p470
p466,p810
p466,p1452
p467,p1194
p467,p1849
p468,p558
p468,p1370
p468,p1638
p469,p660
p469,p1244
p469,p1832
p469,p1933
p470,p1452
p470,p1541
p471,p780
p471,p943
p471,p1073
p472,p585
p472,p972
p472,p1838
p473,p996
p474,p846
p474,p1880
p475,p564
p475,p979
p476,p685
p476,p1397
p477,p807
p477,p1187
p477,p1893
p478,p961
p478,p1591
p479,p936
p479,p939
p479,p1920
p480,p924
p480,p1849
p481,p1217
p481,p1240
p482,p1010
p482,p1089
p483,p1095
p483,p1162
p483,p1702
p483,p1759
p484,p617
p484,p1605
p485,p498
p485,p1170
p485,p1352
p486,p986
p487,p613
p487,p747
p487,p1429
p487,p1588
p488,p1195
p488,p1238
p488,p1292
p489,p1814
p489,p1993
p490,p1255
p491,p1632
p492,p1336
p492,p1632
p492,p1798
p493,p608
p493,p912
p493,p1373
p493,p1418
p493,p1546
p494,p821
p494,p1941
p496,p836
p496,p1124
p496,p1363
p496,p1480
p496,p1835
p497,p1971
p498,p1367
p498,p1458
p499,p955
p499,p1138
p499,p1965
p500,p509
p500,p1351
p500,p1553
p500,p1906
p501,p508
p501,p874
p501,p1601
p502,p529
p502,p985
p502,p1401
p502,p1529
p503,p631
p503,p812
p503,p1177
p503,p1908
p504,p1188
p504,p1296
p504,p1680
p505,p790
p505,p1076
p505,p1163
p505,p1723
p505,p1818
p506,p538
p506,p1137
p506,p1252
p506,p1812
p507,p1061
p507,p1399
p507,p1837
p508,p1601
p509,p1351
p509,p1816
p510,p796
p510,p994
p510,p1012
p510,p1676
p511,p625
p511,p1265
p511,p1412
p511,p1591
p512,p1688
p512,p1930
p513,p1163
p513,p1293
p513,p1312
p513,p1526
p513,p1679
p514,p1502
p514,p1755
p514,p1952
p515,p920
p515,p1270
p515,p1730
p516,p681
p516,p1031
p516,p1034
p516,p1358
p517,p738
p517,p1350
p517,p1803
p517,p1940
p518,p559
p518,p767
p518,p1186
p519,p788
p519,p1939
p520,p875
p520,p1524
p520,p1716
p520,p1828
p521,p1052
p521,p1175
p521,p1538
p522,p722
p522,p1080
p522,p1133
p522,p1182
p523,p561
p523,p840
p524,p584
p524,p827
p524,p1300
p524,p1400
p524,p1690
p525,p1386
p525,p1527
p526,p1978
p527,p592
p527,p693
p527,p1801
p528,p1090
p528,p1524
p528,p1817
p529,p985
p529,p1382
p529,p1670
p530,p938
p530,p1021
p530,p1326
p531,p663
p531,p824
p531,p1419
p532,p561
p532,p849
p532,p1901
p533,p883
p533,p1120
p534,p818
p534,p1155
p534,p1228
p534,p1960
p535,p777
p535,p938
p535,p1070
p535,p1220
p536,p1725
p537,p553
p537,p969
p537,p1320
p538,p756
p538,p873
p538,p1079
p538,p1137
p538,p1812
p539,p813
p540,p603
p540,p1075
p540,p1225
p540,p1462
p541,p875
p541,p1090
p541,p1127
p542,p578
p542,p1167
p542,p1193
p542,p1282
p542,p1304
p542,p1671
p543,p1116
p543,p1272
p543,p1365
p544,p1086
p544,p1284
p545,p972
p545,p1882
p546,p974
p547,p926
p547,p1318
p547,p1551
p547,p1857
p548,p1126
p548,p1159
p548,p1330
p548,p1715
p549,p940
p549,p1256
p549,p1481
p550,p830
p550,p1562
p550,p1634
p551,p596
p551,p736
p551,p1533
p552,p663
p552,p1825
p553,p969
p553,p1611
p554,p1091
p554,p1313
p554,p1549
p554,p1867
p555,p1140
p555,p1304
p555,p1407
p556,p1589
p556,p1635
p556,p1748
p556,p1884
p557,p756
p557,p951
p557,p1757
p558,p1150
p558,p1922
p559,p1753
p559,p1957
p560,p604
p560,p1312
p560,p1580
p561,p1769
p562,p676
p562,p1639
p562,p1866
p563,p762
p563,p1116
p563,p1945
p563,p1992
p564,p1665
p565,p1027
p565,p1281
p565,p1637
p566,p765
p566,p878
p566,p1229
p566,p1422
p566,p1821
p567,p575
p567,p649
p567,p1286
p567,p1525
p568,p1136
p568,p1610
p568,p1694
p568,p1929
p569,p1083
p569,p1433
p570,p1329
p570,p1552
p570,p1669
p571,p1165
p571,p1346
p571,p1587
p572,p1132
p572,p1737
p572,p1782
p573,p1576
p573,p1830
p574,p656
p574,p680
p574,p1268
p575,p1286
p575,p1881
p576,p946
p576,p1454
p576,p1823
p576,p1961
p577,p807
p577,p1455
p577,p1549
p578,p655
p578,p1166
p578,p1167
p578,p1193
p579,p638
p579,p1800
p579,p1875
p580,p1058
p580,p1060
p580,p1796
p581,p1149
p582,p1402
p582,p1719
p583,p1106
p583,p1132
p583,p1891
p584,p1154
p584,p1300
p585,p1982
p586,p832
p586,p1088
p587,p865
p587,p898
p587,p1838
p588,p836
p588,p1145
p588,p1921
p589,p592
p589,p1331
p589,p1384
p590,p1392
p591,p661
p591,p1004
p591,p1735
p592,p693
p592,p1107
p592,p1384
p593,p607
p593,p1223
p593,p1994
p594,p947
p594,p1787
p594,p1900
p594,p1977
p595,p672
p595,p683
p595,p1380
p595,p1917
p595,p1971
p596,p736
p596,p1308
p597,p966
p597,p1131
p598,p835
p598,p1934
p599,p773
p599,p853
p599,p1982
p600,p682
p600,p1122
p601,p672
p601,p1174
p601,p1439
p601,p1915
p602,p738
p602,p1974
p603,p1483
p604,p622
p605,p1202
p605,p1242
p605,p1301
p606,p862
p606,p942
p606,p1171
p606,p1212
p606,p1496
p607,p1223
p607,p1797
p608,p1519
p608,p1546
p609,p852
p610,p1218
p610,p1490
p611,p1077
p611,p1492
p612,p1018
p612,p1466
p612,p1780
p613,p1330
p613,p1915
p614,p1638
p615,p1269
p615,p1456
p615,p1926
p616,p1242
p616,p1788
p617,p1211
p617,p1920
p618,p1274
p619,p1565
p620,p678
p620,p741
p620,p1179
p620,p1251
p621,p624
p621,p641
p621,p1013
p621,p1606
p621,p1775
p623,p890
p623,p1275
p623,p1684
p624,p628
p624,p1013
p625,p1338
p625,p1490
p626,p922
p626,p1291
p626,p1729
p627,p903
p627,p1765
p629,p1098
p629,p1566
p629,p1779
p629,p1785
p630,p648
p630,p1235
p630,p1536
p630,p1925
p631,p1427
p632,p868
p632,p1033
p633,p1375
p633,p1573
p633,p1946
p634,p951
p634,p1692
p634,p1710
p635,p1528
p635,p1806
p635,p1807
p636,p1056
p636,p1444
p636,p1714
p636,p1722
p636,p1866
p637,p999
p638,p797
p638,p1410
p638,p1764
p639,p859
p639,p879
p639,p1477
p640,p1740
p640,p1932
p641,p1372
p641,p1428
p642,p1484
p642,p1935
p643,p1346
p643,p1587
p643,p1726
p644,p740
p644,p889
p644,p913
p644,p1077
p644,p1799
p645,p684
p645,p855
p645,p886
p645,p1701
p645,p1759
p646,p864
p646,p982
p646,p1840
p646,p1860
p647,p1493
p647,p1525
p647,p1753
p648,p854
p648,p1280
p648,p1369
p648,p1536
p649,p1186
p649,p1301
p649,p1813
p649,p1928
p650,p1248
p650,p1317
p650,p1671
p651,p1557
p651,p1666
p651,p1880
p652,p1338
p652,p1490
p653,p1540
p653,p1773
p653,p1821
p654,p893
p654,p1740
p655,p780
p655,p1133
p656,p1144
p656,p1651
p656,p1687
p657,p669
p657,p1210
p657,p1278
p658,p1942
p659,p1088
p659,p1257
p659,p1840
p660,p826
p660,p1104
p661,p698
p661,p1520
p661,p1770
p662,p993
p662,p1128
p662,p1258
p662,p1845
p663,p715
p663,p910
p663,p1468
p663,p1712
p664,p1044
p664,p1131
p665,p1377
p665,p1437
p666,p1403
p666,p1642
p666,p1670
p667,p1051
p667,p1899
p668,p848
p668,p1030
p668,p1989
p669,p1178
p670,p697
p670,p1219
p670,p1445
p671,p721
p671,p874
p671,p1178
p671,p1361
p672,p1174
p672,p1971
p673,p1056
p673,p1375
p673,p1613
p673,p1722
p674,p723
p674,p1029
p675,p1484
p676,p900
p676,p1463
p677,p1099
p678,p741
p678,p1371
p678,p1705
p679,p838
p679,p1006
p679,p1983
p680,p819
p680,p1144
p681,p1232
p681,p1358
p682,p759
p682,p1413
p683,p783
p683,p1380
p683,p1917
p684,p886
p684,p1461
p685,p1153
p685,p1976
p686,p1241
p686,p1770
p686,p1819
p687,p1636
p687,p1826
p687,p1862
p688,p743
p688,p804
p688,p1343
p689,p813
p689,p1612
p690,p759
p690,p1153
p690,p1627
p690,p1820
p691,p901
p691,p1293
p691,p1312
p692,p1053
p692,p1295
p692,p1734
p692,p1775
p693,p1990
p694,p886
p694,p1633
p695,p756
p695,p867
p695,p1137
p695,p1925
p696,p811
p696,p1108
p696,p1228
p697,p832
p698,p1527
p698,p1735
p698,p1770
p698,p1966
p699,p1254
p699,p1879
p700,p828
p700,p1147
p700,p1321
p701,p1110
p701,p1735
p701,p1803
p702,p1103
p702,p1155
p702,p1530
p702,p1689
p703,p977
p703,p1258
p703,p1305
p704,p1600
p705,p858
p705,p885
p705,p944
p705,p1262
p706,p1329
p706,p1487
p706,p1533
p706,p1598
p707,p1383
p707,p1784
p708,p819
p708,p1315
p709,p1014
p709,p1566
p709,p1779
p709,p1996
p710,p791
p710,p874
p710,p1601
p711,p961
p711,p1412
p711,p1415
p711,p1547
p712,p907
p712,p983
p712,p1050
p712,p1626
p713,p892
p713,p1684
p714,p971
p714,p1138
p714,p1713
p714,p1965
p715,p886
p715,p1037
p716,p855
p716,p1314
p716,p1730
p716,p1767
p717,p769
p717,p770
p717,p1206
p717,p1230
p718,p1035
p718,p1095
p718,p1213
p718,p1385
p718,p1702
p719,p969
p719,p1307
p719,p1320
p719,p1865
p720,p935
p720,p1912
p720,p1958
p721,p825
p721,p874
p721,p1278
p721,p1396
p722,p1166
p722,p1182
p723,p862
p724,p1108
p724,p1114
p724,p1423
p724,p1842
p725,p727
p725,p847
p725,p1408
p726,p1102
p726,p1411
p726,p1597
p726,p1783
p727,p837
p727,p1408
p727,p1649
p727,p1745
p728,p1094
p728,p1123
p728,p1191
p728,p1967
p729,p958
p729,p1362
p730,p811
p730,p872
p730,p947
p730,p1228
p730,p1977
p731,p1262
p731,p1693
p732,p805
p732,p1601
p733,p1207
p733,p1468
p733,p1712
p734,p984
p734,p990
p735,p1325
p735,p1327
p736,p1082
p736,p1487
p737,p1370
p737,p1506
p737,p1922
p738,p1311
p739,p1557
p739,p1658
p739,p1741
p740,p889
p740,p913
p740,p1273
p740,p1523
p740,p1976
p741,p1251
p741,p1290
p741,p1371
p742,p1096
p742,p1805
p742,p1896
p743,p804
p743,p1192
p743,p1253
p744,p1211
p744,p1694
p744,p1731
p744,p1776
p744,p1846
p744,p1884
p744,p1929
p745,p1369
p745,p1925
p746,p1623
p747,p1255
p747,p1429
p747,p1588
p747,p1704
p748,p805
p748,p1386
p749,p1121
p749,p1648
p749,p1845
p750,p923
p750,p1046
p750,p1858
p751,p1246
p751,p1948
p752,p1185
p752,p1309
p752,p1337
p752,p1755
p753,p1575
p753,p1968
p753,p1975
p754,p1934
p754,p1935
p755,p814
p755,p1446
p756,p867
p756,p1079
p757,p905
p757,p1034
p758,p1020
p758,p1231
p758,p1419
p759,p1122
p759,p1153
p759,p1368
p759,p1413
p759,p1627
p760,p982
p760,p1784
p761,p771
p761,p1190
p761,p1497
p761,p1652
p762,p1116
p762,p1544
p762,p1913
p762,p1938
p763,p948
p763,p1009
p763,p1878
p763,p1898
p764,p1057
p764,p1570
p764,p1603
p765,p1092
p765,p1422
p765,p1744
p766,p891
p766,p1919
p767,p1186
p767,p1525
p768,p895
p768,p1372
p768,p1600
p769,p1230
p769,p1997
p770,p863
p770,p1384
p770,p1921
p771,p1127
p771,p1970
p772,p774
p772,p1543
p773,p1028
p773,p1821
p773,p1982
p774,p1099
p774,p1316
p775,p870
p775,p1125
p775,p1980
p776,p1143
p776,p1548
p777,p938
p777,p1070
p778,p1000
p778,p1558
p778,p1855
p779,p1441
p779,p1541
p779,p1796
p780,p912
p780,p943
p780,p1519
p781,p998
p781,p1047
p781,p1161
p781,p1997
p782,p1185
p783,p903
p783,p1380
p783,p1402
p784,p1406
p784,p1827
p785,p1364
p785,p1381
p785,p1503
p786,p1179
p786,p1758
p787,p1019
p787,p1079
p787,p1757
p788,p1008
p788,p1091
p788,p1287
p789,p1225
p789,p1493
p789,p1547
p790,p1559
p790,p1660
p790,p1723
p790,p1818
p791,p1396
p792,p1419
p792,p1700
p792,p1712
p793,p918
p793,p1311
p794,p888
p794,p1113
p794,p1567
p794,p1597
p795,p1979
p795,p1987
p796,p994
p796,p1405
p796,p1936
p797,p1360
p797,p1410
p797,p1764
p797,p1815
p798,p1072
p798,p1093
p799,p1507
p799,p1716
p799,p1828
p800,p1421
p800,p1834
p800,p1950
p801,p1054
p801,p1202
p801,p1207
p802,p1363
p802,p1387
p803,p989
p804,p858
p804,p944
p804,p1522
p806,p1049
p806,p1131
p806,p1513
p806,p1616
p807,p895
p808,p1690
p808,p1695
p808,p1824
p809,p916
p809,p963
p810,p1398
p810,p1431
p810,p1441
p810,p1859
p811,p872
p811,p1228
p811,p1514
p812,p978
p812,p1226
p812,p1763
p813,p894
p814,p1623
p816,p1001
p816,p1842
p816,p1918
p817,p1122
p817,p1418
p818,p1530
p818,p1625
p818,p1960
p819,p1268
p820,p1277
p820,p1321
p820,p1656
p821,p1244
p821,p1832
p822,p1210
p822,p1278
p822,p1674
p822,p1736
p823,p983
p823,p1069
p823,p1626
p824,p1231
p824,p1419
p825,p1221
p825,p1396
p825,p1998
p826,p896
p826,p1369
p827,p1400
p827,p1743
p828,p890
p828,p1424
p829,p861
p829,p1125
p830,p1684
p830,p1986
p831,p1284
p831,p1660
p832,p1088
p832,p1097
p832,p1454
p833,p880
p833,p1738
p833,p1828
p834,p960
p834,p1486
p834,p1665
p836,p1145
p837,p1388
p837,p1408
p837,p1745
p838,p1142
p838,p1313
p839,p933
p839,p1032
p839,p1130
p839,p1285
p840,p1398
p840,p1826
p841,p1946
p842,p1253
p842,p1265
p842,p1522
p843,p959
p843,p1006
p843,p1306
p843,p1639
p845,p1176
p845,p1205
p845,p1745
p846,p1285
p846,p1504
p847,p1134
p847,p1649
p848,p1030
p849,p1514
p849,p1769
p850,p1202
p851,p914
p851,p1259
p851,p1420
p852,p894
p852,p1653
p853,p1540
p853,p1821
p854,p896
p854,p1280
p854,p1369
p854,p1433
p855,p1701
p855,p1759
p856,p1289
p856,p1360
p856,p1509
p857,p1204
p857,p1539
p858,p885
p858,p1668
p859,p1036
p859,p1173
p859,p1531
p859,p1692
p862,p942
p862,p1109
p862,p1129
p863,p1331
p863,p1384
p864,p1528
p864,p1840
p865,p1838
p866,p950
p866,p978
p866,p1500
p866,p1916
p867,p951
p867,p1925
p868,p882
p868,p1800
p868,p1875
p869,p970
p869,p1183
p869,p1479
p869,p1686
p870,p1125
p870,p1478
p871,p882
p871,p1068
p871,p1482
p872,p947
p872,p1514
p872,p1769
p873,p960
p874,p1396
p875,p1127
p875,p1190
p875,p1524
p875,p1716
p876,p1078
p876,p1403
p876,p1931
p877,p1022
p877,p1569
p877,p1961
p878,p992
p878,p1229
p878,p1876
p879,p1308
p879,p1609
p880,p1218
p880,p1828
p881,p1139
p881,p1554
p881,p1677
p882,p952
p882,p1033
p882,p1800
p883,p1066
p886,p1759
p887,p1154
p888,p958
p888,p1395
p888,p1567
p889,p1515
p889,p1799
p891,p1404
p891,p1467
p891,p1919
p892,p1275
p892,p1663
p892,p1939
p892,p1986
p893,p1170
p894,p1359
p895,p1187
p896,p1369
p896,p1856
p897,p969
p897,p1378
p897,p1611
p897,p1653
p898,p1028
p899,p1599
p899,p1654
p901,p1312
p901,p1838
p902,p1282
p902,p1317
p902,p1671
p902,p1924
p902,p1947
p903,p1765
p904,p1104
p904,p1602
p904,p1752
p904,p1809
p905,p1034
p905,p1148
p905,p1291
p906,p1439
p907,p1050
p907,p1083
p907,p1560
p908,p1578
p908,p1834
p909,p1152
p909,p1645
p910,p1468
p910,p1668
p910,p1733
p911,p1585
p912,p943
p913,p1077
p914,p1464
p915,p1059
p915,p1577
p915,p1787
p916,p963
p916,p1323
p916,p1518
p917,p1703
p918,p1574
p919,p1533
p919,p1609
p920,p1349
p920,p1796
p921,p1069
p921,p1110
p921,p1467
p922,p1291
p922,p1581
p922,p1729
p923,p1048
p923,p1151
p923,p1858
p924,p1478
p924,p1849
p925,p1189
p925,p1394
p925,p1508
p926,p1856
p927,p1160
p927,p1494
p928,p1057
p928,p1197
p928,p1644
p928,p1831
p929,p1697
p931,p994
p931,p1012
p931,p1376
p931,p1440
p931,p1793
p932,p1453
p932,p1594
p933,p1064
p933,p1130
p934,p1040
p934,p1119
p934,p1823
p934,p1955
p934,p1961
p935,p1355
p935,p1485
p935,p1749
p935,p1958
p937,p980
p937,p988
p937,p1180
p937,p1587
p938,p1326
p939,p1920
p940,p1063
p940,p1340
p940,p1889
p941,p1646
p941,p1927
p942,p1171
p942,p1206
p942,p1990
p944,p1303
p945,p1056
p946,p986
p946,p1569
p946,p1943
p947,p1900
p947,p1977
p948,p1132
p948,p1224
p948,p1782
p948,p1878
p948,p1891
p949,p1360
p949,p1470
p949,p1644
p949,p1815
p949,p1848
p950,p953
p950,p1427
p950,p1916
p950,p1944
p951,p1710
p952,p1800
p953,p1180
p953,p1944
p954,p1673
p954,p1755
p955,p1085
p955,p1965
p956,p1696
p956,p1802
p957,p1048
p957,p1761
p957,p1862
p957,p1901
p958,p1032
p958,p1130
p959,p1619
p959,p1639
p960,p1665
p961,p1547
p962,p1465
p963,p1005
p963,p1518
p963,p1608
p965,p1240
p965,p1541
p966,p1044
p966,p1131
p966,p1507
p967,p1301
p967,p1438
p967,p1813
p968,p1999
p970,p1183
p970,p1208
p970,p1479
p971,p1377
p971,p1713
p973,p1018
p973,p1520
p973,p1819
p974,p1109
p974,p1683
p974,p1718
p975,p1023
p975,p1115
p975,p1975
p976,p1188
p976,p1658
p977,p1096
p977,p1305
p977,p1947
p978,p1177
p978,p1763
p979,p1634
p980,p988
p980,p1511
p981,p1632
p981,p1715
p981,p1932
p983,p1560
p983,p1626
p984,p1145
p984,p1631
p985,p995
p985,p1670
p986,p1445
p986,p1943
p987,p1009
p987,p1435
p988,p1165
p989,p1196
p990,p1631
p990,p1777
p991,p1162
p991,p1517
p991,p1993
p992,p1229
p992,p1442
p992,p1876
p993,p1128
p994,p1405
p995,p1051
p995,p1899
p996,p1377
p997,p1440
p997,p1762
p997,p1793
p998,p1501
p998,p1997
p1001,p1960
p1001,p1963
p1002,p1031
p1002,p1274
p1002,p1516
p1002,p1720
p1003,p1218
p1003,p1524
p1003,p1817
p1004,p1520
p1004,p1940
p1005,p1197
p1005,p1391
p1005,p1750
p1007,p1039
p1007,p1065
p1008,p1091
p1009,p1954
p1010,p1200
p1010,p1673
p1010,p1847
p1011,p1247
p1011,p1510
p1012,p1676
p1012,p1793
p1014,p1157
p1014,p1474
p1015,p1325
p1016,p1201
p1016,p1798
p1017,p1023
p1017,p1160
p1017,p1379
p1017,p1425
p1017,p1589
p1017,p1949
p1018,p1466
p1018,p1819
p1019,p1665
p1020,p1106
p1020,p1231
p1021,p1326
p1022,p1040
p1023,p1160
p1023,p1903
p1024,p1604
p1024,p1612
p1024,p1808
p1024,p1865
p1025,p1362
p1025,p1382
p1025,p1642
p1026,p1120
p1026,p1222
p1026,p1256
p1027,p1421
p1027,p1637
p1028,p1962
p1028,p1982
p1029,p1370
p1029,p1934
p1030,p1067
p1030,p1989
p1031,p1300
p1031,p1824
p1032,p1130
p1034,p1152
p1034,p1358
p1035,p1385
p1036,p1332
p1036,p1692
p1036,p1897
p1037,p1231
p1038,p1050
p1038,p1264
p1038,p1797
p1039,p1065
p1039,p1158
p1039,p1837
p1039,p1935
p1040,p1390
p1040,p1961
p1041,p1100
p1041,p1279
p1041,p1414
p1041,p1742
p1042,p1383
p1042,p1528
p1043,p1247
p1044,p1131
p1044,p1811
p1045,p1471
p1045,p1967
p1046,p1114
p1046,p1761
p1047,p1161
p1047,p1997
p1048,p1981
p1049,p1131
p1049,p1245
p1049,p1389
p1049,p1768
p1050,p1797
p1051,p1899
p1052,p1469
p1052,p1538
p1052,p1892
p1053,p1606
p1053,p1775
p1054,p1172
p1054,p1207
p1055,p1114
p1055,p1761
p1056,p1521
p1056,p1714
p1056,p1722
p1057,p1622
p1058,p1240
p1059,p1682
p1059,p1984
p1060,p1310
p1061,p1158
p1061,p1886
p1062,p1912
p1062,p1913
p1064,p1130
p1064,p1741
p1065,p1459
p1066,p1071
p1067,p1989
p1068,p1269
p1068,p1883
p1069,p1350
p1069,p1467
p1070,p1158
p1071,p1221
p1072,p1287
p1072,p1663
p1072,p1939
p1073,p1277
p1073,p1656
p1074,p1094
p1074,p1640
p1074,p1781
p1074,p1967
p1075,p1881
p1076,p1163
p1076,p1328
p1077,p1492
p1078,p1432
p1078,p1931
p1080,p1133
p1080,p1656
p1081,p1476
p1081,p1792
p1082,p1173
p1082,p1308
p1082,p1487
p1083,p1433
p1083,p1560
p1083,p1797
p1084,p1475
p1084,p1959
p1085,p1494
p1085,p1721
p1086,p1646
p1086,p1927
p1087,p1582
p1088,p1550
p1089,p1102
p1089,p1200
p1089,p1783
p1090,p1460
p1090,p1643
p1091,p1313
p1091,p1709
p1091,p1867
p1092,p1319
p1093,p1868
p1094,p1967
p1095,p1213
p1095,p1535
p1095,p1702
p1096,p1805
p1096,p1896
p1097,p1322
p1097,p1907
p1099,p1543
p1100,p1631
p1100,p1742
p1101,p1571
p1101,p1579
p1101,p1751
p1103,p1332
p1103,p1598
p1103,p1689
p1103,p1897
p1104,p1856
p1105,p1208
p1106,p1132
p1107,p1348
p1107,p1742
p1108,p1423
p1109,p1276
p1109,p1871
p1111,p1979
p1111,p1987
p1112,p1559
p1112,p1660
p1113,p1771
p1114,p1761
p1114,p1842
p1114,p1858
p1115,p1575
p1115,p1699
p1115,p1975
p1116,p1272
p1116,p1765
p1116,p1938
p1117,p1262
p1117,p1558
p1117,p1624
p1117,p1650
p1118,p1315
p1118,p1537
p1119,p1390
p1119,p1466
p1119,p1955
p1121,p1648
p1123,p1191
p1123,p1316
p1123,p1972
p1124,p1145
p1124,p1363
p1125,p1882
p1126,p1330
p1126,p1588
p1127,p1643
p1128,p1261
p1129,p1206
p1129,p1871
p1133,p1166
p1133,p1656
p1134,p1238
p1135,p1779
p1135,p1947
p1138,p1965
p1139,p1438
p1139,p1677
p1140,p1282
p1140,p1304
p1140,p1854
p1141,p1408
p1142,p1313
p1142,p1707
p1142,p1902
p1144,p1687
p1146,p1187
p1146,p1791
p1146,p1872
p1147,p1321
p1147,p1424
p1147,p1830
p1148,p1152
p1148,p1291
p1148,p1641
p1149,p1233
p1149,p1399
p1149,p1836
p1150,p1922
p1151,p1622
p1151,p1732
p1151,p1858
p1152,p1641
p1154,p1400
p1154,p1870
p1155,p1577
p1155,p1689
p1155,p1977
p1156,p1216
p1156,p1391
p1156,p1918
p1157,p1505
p1157,p1872
p1158,p1886
p1159,p1330
p1159,p1458
p1159,p1715
p1161,p1863
p1161,p1895
p1162,p1385
p1163,p1374
p1163,p1447
p1164,p1213
p1164,p1393
p1167,p1248
p1168,p1862
p1170,p1352
p1170,p1923
p1171,p1985
p1172,p1207
p1172,p1700
p1172,p1712
p1173,p1302
p1174,p1330
p1174,p1353
p1174,p1458
p1174,p1915
p1175,p1348
p1175,p1414
p1176,p1181
p1176,p1758
p1177,p1427
p1178,p1361
p1179,p1328
p1180,p1511
p1181,p1251
p1181,p1758
p1182,p1407
p1182,p1861
p1183,p1334
p1183,p1470
p1184,p1802
p1184,p1869
p1187,p1893
p1191,p1316
p1191,p1967
p1192,p1253
p1192,p1753
p1194,p1292
p1195,p1238
p1195,p1254
p1196,p1615
p1197,p1750
p1197,p1831
p1198,p1657
p1199,p1746
p1199,p1994
p1200,p1661
p1200,p1847
p1201,p1394
p1202,p1242
p1202,p1928
p1203,p1236
p1204,p1539
p1204,p1835
p1204,p1895
p1205,p1649
p1205,p1745
p1206,p1384
p1207,p1555
p1207,p1712
p1208,p1596
p1208,p1711
p1208,p1750
p1209,p1357
p1209,p1450
p1209,p1927
p1210,p1278
p1210,p1339
p1210,p1724
p1211,p1694
p1211,p1920
p1212,p1476
p1212,p1496
p1214,p1998
p1215,p1333
p1216,p1391
p1216,p1608
p1218,p1524
p1219,p1409
p1220,p1574
p1220,p1697
p1221,p1396
p1221,p1465
p1222,p1674
p1222,p1736
p1224,p1263
p1224,p1878
p1225,p1493
p1226,p1908
p1227,p1488
p1227,p1578
p1227,p1982
p1230,p1276
p1230,p1871
p1230,p1997
p1232,p1581
p1233,p1399
p1233,p1886
p1234,p1517
p1235,p1417
p1235,p1536
p1236,p1320
p1236,p1685
p1237,p1512
p1237,p1941
p1239,p1601
p1239,p1789
p1241,p1341
p1241,p1770
p1243,p1983
p1244,p1933
p1245,p1768
p1247,p1510
p1248,p1671
p1249,p1453
p1249,p1534
p1249,p1594
p1250,p1474
p1250,p1667
p1252,p1812
p1252,p1925
p1252,p1941
p1256,p1481
p1257,p1491
p1257,p1860
p1258,p1845
p1259,p1556
p1260,p1481
p1261,p1297
p1261,p1305
p1262,p1303
p1262,p1624
p1262,p1786
p1263,p1664
p1265,p1338
p1265,p1522
p1266,p1535
p1266,p1693
p1266,p1786
p1267,p1268
p1269,p1662
p1269,p1883
p1270,p1730
p1270,p1767
p1271,p1456
p1271,p1991
p1272,p1371
p1272,p1888
p1272,p1945
p1273,p1489
p1273,p1515
p1273,p1586
p1274,p1739
p1275,p1655
p1276,p1683
p1279,p1777
p1279,p1892
p1280,p1536
p1281,p1540
p1281,p1564
p1281,p1637
p1282,p1304
p1282,p1671
p1283,p1443
p1283,p1510
p1284,p1660
p1285,p1504
p1285,p1771
p1286,p1813
p1287,p1709
p1288,p1810
p1289,p1509
p1289,p1778
p1290,p1945
p1291,p1581
p1293,p1679
p1294,p1513
p1295,p1430
p1295,p1463
p1295,p1734
p1296,p1795
p1298,p1637
p1298,p1696
p1298,p1956
p1299,p1319
p1299,p1422
p1299,p1962
p1301,p1813
p1302,p1487
p1302,p1897
p1305,p1947
p1306,p1378
p1306,p1619
p1307,p1320
p1307,p1691
p1307,p1865
p1309,p1999
p1310,p1814
p1312,p1526
p1313,p1499
p1313,p1844
p1313,p1902
p1315,p1647
p1317,p1678
p1318,p1416
p1319,p1422
p1320,p1457
p1321,p1868
p1322,p1387
p1322,p1480
p1322,p1539
p1322,p1907
p1323,p1518
p1323,p1571
p1324,p1618
p1324,p1645
p1325,p1327
p1325,p1542
p1329,p1682
p1330,p1915
p1332,p1897
p1334,p1596
p1335,p1707
p1335,p1902
p1336,p1704
p1336,p1995
p1337,p1880
p1338,p1490
p1339,p1584
p1339,p1724
p1339,p1911
p1340,p1354
p1340,p1889
p1341,p1966
p1342,p1347
p1342,p1738
p1344,p1381
p1345,p1768
p1346,p1780
p1347,p1590
p1347,p1738
p1347,p1811
p1350,p1803
p1351,p1906
p1352,p1923
p1353,p1367
p1353,p1458
p1353,p1917
p1354,p1457
p1355,p1485
p1355,p1749
p1356,p1448
p1356,p1501
p1356,p1717
p1356,p1836
p1357,p1705
p1357,p1888
p1359,p1499
p1359,p1844
p1360,p1815
p1360,p1848
p1361,p1809
p1363,p1480
p1364,p1810
p1368,p1413
p1368,p1627
p1368,p1887
p1371,p1945
p1372,p1600
p1373,p1418
p1373,p1449
p1374,p1447
p1374,p1526
p1376,p1440
p1376,p1912
p1379,p1586
p1379,p1662
p1379,p1903
p1380,p1402
p1380,p1971
p1381,p1685
p1385,p1702
p1387,p1480
p1389,p1659
p1390,p1466
p1390,p1940
p1391,p1603
p1392,p1869
p1392,p1950
p1393,p1624
p1393,p1786
p1394,p1508
p1395,p1401
p1395,p1529
p1395,p1953
p1398,p1664
p1398,p1850
p1398,p1859
p1399,p1484
p1399,p1717
p1399,p1766
p1399,p1837
p1399,p1935
p1401,p1529
p1403,p1642
p1404,p1607
p1404,p1617
p1405,p1544
p1405,p1936
p1407,p1893
p1410,p1725
p1411,p1504
p1411,p1597
p1411,p1771
p1412,p1415
p1413,p1887
p1414,p1742
p1414,p1892
p1415,p1599
p1416,p1617
p1416,p1857
p1417,p1477
p1417,p1531
p1418,p1449
p1420,p1756
p1423,p1842
p1425,p1589
p1425,p1820
p1425,p1949
p1426,p1762
p1428,p1606
p1429,p1737
p1430,p1722
p1430,p1866
p1431,p1441
p1431,p1873
p1433,p1560
p1433,p1698
p1434,p1453
p1434,p1582
p1435,p1782
p1435,p1833
p1435,p1995
p1436,p1473
p1436,p1852
p1437,p1968
p1440,p1793
p1442,p1822
p1442,p1905
p1443,p1609
p1444,p1714
p1444,p1866
p1446,p1513
p1446,p1537
p1447,p1818
p1448,p1501
p1448,p1708
p1448,p1718
p1448,p1766
p1450,p1923
p1451,p1486
p1451,p1563
p1453,p1594
p1454,p1823
p1455,p1867
p1456,p1991
p1457,p1691
p1460,p1556
p1460,p1643
p1461,p1633
p1462,p1654
p1463,p1902
p1464,p1661
p1467,p1617
p1468,p1733
p1470,p1815
p1471,p1710
p1471,p1757
p1472,p1568
p1472,p1853
p1473,p1958
p1474,p1505
p1475,p1706
p1477,p1531
p1478,p1849
p1479,p1686
p1479,p1979
p1480,p1835
p1481,p1839
p1481,p1889
p1482,p1909
p1485,p1958
p1486,p1988
p1487,p1598
p1487,p1897
p1488,p1578
p1488,p1882
p1488,p1980
p1489,p1523
p1489,p1885
p1491,p1840
p1491,p1860
p1492,p1799
p1494,p1713
p1495,p1530
p1495,p1625
p1495,p1781
p1497,p1652
p1497,p1716
p1498,p1673
p1498,p1847
p1498,p1952
p1500,p1629
p1500,p1763
p1500,p1806
p1502,p1532
p1502,p1952
p1503,p1685
p1505,p1565
p1509,p1848
p1512,p1812
p1516,p1714
p1517,p1993
p1518,p1608
p1520,p1770
p1521,p1714
p1522,p1583
p1524,p1817
p1525,p1753
p1526,p1580
p1527,p1966
p1529,p1953
p1530,p1625
p1532,p1952
p1533,p1609
p1534,p1556
p1534,p1594
p1535,p1693
p1535,p1829
p1538,p1795
p1539,p1835
p1539,p1907
p1540,p1773
p1542,p1609
p1542,p1864
p1544,p1913
p1544,p1938
p1544,p1964
p1548,p1804
p1549,p1867
p1550,p1726
p1550,p1944
p1551,p1602
p1552,p1577
p1552,p1669
p1553,p1772
p1554,p1677
p1557,p1666
p1557,p1741
p1558,p1621
p1558,p1650
p1559,p1620
p1559,p1926
p1559,p1942
p1560,p1698
p1562,p1634
p1563,p1747
p1564,p1637
p1566,p1779
p1566,p1785
p1566,p1996
p1567,p1597
p1567,p1760
p1568,p1743
p1569,p1943
p1570,p1858
p1571,p1579
p1573,p1946
p1573,p1989
p1575,p1699
p1575,p1744
p1575,p1975
p1576,p1711
p1576,p1948
p1577,p1787
p1577,p1977
p1580,p1991
p1583,p1585
p1583,p1855
p1584,p1832
p1586,p1885
p1587,p1726
p1588,p1704
p1590,p1811
p1590,p1951
p1592,p1937
p1593,p1753
p1593,p1957
p1596,p1831
p1597,p1760
p1597,p1783
p1598,p1689
p1598,p1897
p1599,p1930
p1604,p1612
p1605,p1694
p1607,p1630
p1607,p1727
p1610,p1721
p1610,p1776
p1610,p1929
p1612,p1790
p1613,p1775
p1614,p1829
p1616,p1623
p1617,p1857
p1620,p1818
p1621,p1650
p1621,p1756
p1622,p1644
p1624,p1650
p1624,p1786
p1625,p1851
p1627,p1731
p1628,p1885
p1628,p1949
p1629,p1807
p1629,p1916
p1631,p1777
p1635,p1820
p1635,p1846
p1635,p1884
p1636,p1954
p1640,p1710
p1640,p1781
p1640,p1937
p1642,p1670
p1644,p1732
p1644,p1848
p1647,p1651
p1647,p1687
p1648,p1805
p1648,p1887
p1651,p1687
p1651,p1970
p1653,p1808
p1655,p1663
p1659,p1951
p1661,p1783
p1663,p1939
p1664,p1878
p1666,p1874
p1667,p1894
p1668,p1841
p1669,p1689
p1672,p1743
p1672,p1853
p1673,p1847
p1673,p1952
p1674,p1724
p1676,p1788
p1676,p1904
p1678,p1896
p1678,p1947
p1679,p1758
p1680,p1792
p1681,p1788
p1682,p1984
p1683,p1718
p1688,p1738
p1691,p1865
p1694,p1929
p1696,p1956
p1699,p1706
p1703,p1956
p1708,p1718
p1708,p1766
p1709,p1861
p1709,p1867
p1710,p1937
p1711,p1750
p1713,p1965
p1714,p1754
p1715,p1932
p1717,p1766
p1717,p1836
p1719,p1938
p1719,p1964
p1720,p1739
p1721,p1748
p1722,p1734
p1722,p1866
p1724,p1911
p1726,p1944
p1728,p1733
p1728,p1928
p1730,p1767
p1731,p1846
p1731,p1920
p1732,p1981
p1733,p1841
p1735,p1940
p1738,p1828
p1740,p1932
p1748,p1884
p1749,p1992
p1751,p1851
p1751,p1960
p1751,p1963
p1752,p1809
p1755,p1952
p1756,p1760
p1760,p1783
p1762,p1843
p1763,p1806
p1765,p1938
p1769,p1900
p1770,p1966
p1772,p1864
p1773,p1914
p1776,p1884
p1776,p1929
p1782,p1833
p1791,p1924
p1791,p1947
p1793,p1843
p1793,p1904
p1799,p1890
p1800,p1875
p1801,p1985
p1805,p1887
p1807,p1840
p1808,p1865
p1811,p1951
p1814,p1931
p1816,p1984
p1822,p1876
p1822,p1973
p1823,p1961
p1825,p1829
p1826,p1850
p1833,p1995
p1836,p1863
p1837,p1935
p1839,p1988
p1841,p1957
p1843,p1904
p1846,p1884
p1848,p1981
p1850,p1878
p1850,p1898
p1851,p1960
p1852,p1879
p1854,p1924
p1859,p1969
p1861,p1867
p1864,p1906
p1869,p1950
p1873,p1969
p1874,p1877
p1876,p1973
p1878,p1898
p1882,p1980
p1890,p1909
p1898,p1954
p1916,p1944
p1924,p1947
p1936,p1964
p1939,p1986
p1940,p1974
p1943,p1974
p1954,p1995
p1960,p1963
p1976,p1987
p1985,p1990
