p0,p1512
p0,p1513
p1,p424
p1,p1340
p2,p178
p2,p1326
p3,p246
p3,p723
p4,p842
p4,p949
p4,p1249
p5,p69
p5,p349
p5,p488
p6,p1333
p6,p1379
p6,p1848
p7,p938
p7,p1094
p7,p1132
p7,p1954
p8,p376
p8,p812
p8,p1164
p9,p1271
p9,p1528
p10,p1475
p10,p1956
p11,p459
p11,p674
p12,p886
p12,p1023
p12,p1475
p13,p38
p13,p1564
p13,p1716
p14,p340
p14,p527
p14,p1280
p15,p457
p15,p1496
p16,p971
p16,p1448
p16,p1460
p17,p513
p17,p993
p18,p625
p18,p1631
p19,p1149
p19,p1824
p19,p1971
p20,p280
p20,p1444
p21,p969
p21,p1252
p22,p944
p22,p1316
p23,p644
p23,p1136
p24,p679
p24,p1214
p24,p1283
p25,p203
p25,p740
p25,p1538
p26,p102
p26,p489
p26,p1677
p27,p309
p27,p361
p27,p436
p28,p189
p28,p1988
p29,p630
p29,p734
p29,p1205
p30,p158
p30,p229
p31,p1176
p31,p1347
p32,p1445
p32,p1582
p33,p685
p33,p1295
p33,p1485
p34,p79
p34,p864
p34,p1030
p35,p146
p35,p1965
p36,p745
p36,p1922
p37,p1858
p37,p1873
p38,p1129
p38,p1449
p39,p1543
p39,p1912
p40,p161
p40,p1700
p41,p1028
p41,p1367
p42,p968
p42,p1707
p43,p639
p43,p659
p43,p1033
p44,p808
p44,p1572
p45,p725
p45,p1652
p46,p930
p46,p943
p46,p1820
p47,p50
p47,p89
p47,p226
p47,p1253
p48,p1235
p48,p1720
p49,p571
p49,p1452
p49,p1544
p50,p609
p50,p1526
p51,p129
p51,p628
p51,p1028
p52,p1102
p52,p1152
p52,p1905
p53,p320
p53,p1399
p54,p86
p54,p1217
p54,p1426
p55,p171
p55,p239
p56,p105
p56,p234
p57,p493
p57,p993
p57,p1394
p58,p313
p58,p1009
p59,p183
p59,p1070
p59,p1624
p60,p61
p60,p502
p60,p1769
p61,p1427
p62,p896
p62,p1252
p62,p1997
p63,p722
p63,p1942
p64,p119
p64,p1675
p65,p75
p65,p422
p65,p926
p66,p1063
p66,p1274
p67,p76
p67,p745
p68,p1269
p68,p1841
p69,p690
p70,p939
p70,p1196
p71,p1517
p71,p1734
p72,p727
p72,p1539
p73,p1015
p73,p1607
p74,p941
p74,p977
p74,p1799
p75,p1117
p75,p1484
p76,p482
p76,p1903
p77,p855
p77,p1204
p78,p282
p78,p543
p78,p1589
p79,p1556
p80,p311
p80,p1999
p81,p954
p81,p1243
p81,p1844
p82,p578
p82,p1163
p82,p1376
p82,p1461
p83,p87
p83,p1024
p84,p742
p84,p1646
p84,p1784
p85,p1195
p85,p1392
p86,p748
p87,p220
p87,p1775
p88,p290
p88,p400
p88,p1220
p89,p519
p90,p1308
p90,p1895
p91,p1163
p91,p1740
p92,p847
p92,p1167
p93,p1574
p93,p1649
p93,p1705
p94,p127
p94,p522
p95,p245
p95,p632
p96,p222
p96,p1047
p97,p946
p97,p1041
p97,p1564
p98,p703
p98,p727
p98,p793
p98,p1628
p99,p944
p99,p1738
p100,p292
p100,p1332
p100,p1839
p101,p251
p101,p1562
p101,p1603
p102,p942
p102,p1768
p102,p1967
p103,p744
p103,p1494
p103,p1741
p104,p163
p104,p765
p104,p766
p105,p1267
p106,p272
p106,p986
p107,p678
p107,p1964
p108,p789
p108,p1829
p109,p471
p109,p1201
p109,p1748
p110,p652
p110,p870
p111,p303
p111,p322
p112,p984
p112,p1504
p112,p1608
p113,p687
p113,p1534
p113,p1934
p114,p1134
p114,p1995
p115,p1374
p115,p1491
p115,p1971
p116,p345
p116,p973
p117,p906
p117,p1584
p118,p569
p118,p845
p118,p1054
p118,p1534
p119,p287
p120,p625
p120,p918
p120,p1236
p121,p260
p121,p1322
p121,p1948
p122,p535
p122,p1785
p123,p1635
p123,p1836
p124,p741
p124,p852
p125,p326
p125,p1054
p126,p147
p126,p607
p126,p1283
p127,p637
p127,p1179
p128,p169
p128,p635
p128,p706
p128,p1883
p129,p1629
p130,p1392
p130,p1485
p131,p141
p131,p556
p132,p1793
p132,p1861
p133,p299
p133,p1138
p133,p1837
p134,p155
p134,p798
p134,p917
p135,p192
p135,p399
p135,p414
p136,p497
p136,p985
p136,p1415
p137,p217
p137,p1298
p137,p1439
p138,p826
p138,p1188
p139,p613
p139,p1832
p140,p935
p140,p1147
p141,p1202
p142,p564
p142,p1388
p142,p1723
p143,p288
p143,p1625
p144,p177
p144,p1019
p144,p1706
p145,p594
p145,p1832
p146,p1315
p147,p1243
p147,p1339
p148,p1692
p148,p1765
p149,p218
p149,p702
p149,p927
p150,p390
p150,p1190
p150,p1226
p151,p503
p151,p843
p151,p1698
p152,p911
p153,p1304
p153,p1782
p154,p1088
p154,p1267
p155,p1759
p156,p713
p156,p1940
p157,p202
p157,p253
p157,p1017
p158,p318
p159,p1344
p159,p1355
p159,p1489
p160,p1296
p160,p1317
p160,p1457
p161,p328
p161,p779
p162,p728
p162,p1852
p163,p1093
p163,p1685
p164,p680
p164,p1773
p165,p1558
p166,p260
p166,p859
p166,p1851
p166,p1906
p167,p537
p167,p1018
p167,p1135
p168,p1653
p168,p1855
p168,p1857
p169,p989
p169,p1546
p170,p812
p170,p1788
p170,p1800
p171,p582
p171,p699
p172,p200
p172,p1461
p172,p1680
p173,p1421
p174,p417
p174,p633
p174,p760
p174,p1140
p175,p233
p175,p1182
p176,p304
p176,p1371
p176,p1447
p177,p448
p177,p1131
p178,p734
p179,p507
p179,p1985
p180,p395
p180,p427
p180,p1143
p181,p284
p181,p1712
p182,p1029
p182,p1556
p182,p1580
p183,p667
p183,p1565
p184,p489
p184,p575
p185,p1167
p185,p1756
p186,p472
p186,p1520
p187,p840
p187,p1792
p187,p1880
p188,p1300
p188,p1538
p189,p785
p190,p601
p190,p1012
p191,p298
p191,p1318
p192,p849
p192,p1946
p193,p257
p193,p395
p194,p642
p194,p874
p194,p1952
p195,p675
p195,p761
p195,p881
p196,p951
p196,p1204
p197,p628
p197,p1941
p198,p1320
p198,p1523
p198,p1890
p199,p682
p199,p1830
p200,p954
p200,p1243
p200,p1602
p201,p1883
p201,p1983
p202,p1862
p203,p627
p204,p210
p204,p404
p204,p1796
p205,p321
p205,p831
p205,p884
p206,p1381
p206,p1965
p207,p1372
p207,p1645
p208,p1050
p209,p1137
p209,p1320
p210,p1659
p211,p439
p211,p733
p212,p879
p212,p1308
p212,p1416
p213,p634
p213,p1009
p213,p1334
p214,p669
p214,p898
p214,p1068
p215,p967
p215,p1177
p216,p1098
p216,p1617
p216,p1960
p217,p405
p217,p1789
p218,p1414
p218,p1965
p219,p1103
p219,p1348
p219,p1554
p220,p1809
p220,p1837
p221,p660
p221,p829
p222,p1859
p223,p562
p223,p1464
p224,p480
p224,p839
p225,p960
p225,p1699
p226,p1987
p227,p529
p227,p1575
p227,p1649
p228,p1189
p228,p1958
p229,p823
p229,p1331
p230,p238
p230,p1043
p230,p1658
p231,p464
p231,p796
p231,p890
p232,p555
p232,p794
p232,p1144
p233,p724
p234,p1672
p235,p1052
p235,p1496
p235,p1715
p236,p540
p236,p796
p236,p1929
p237,p1162
p237,p1551
p238,p239
p238,p1146
p238,p1632
p239,p550
p239,p1183
p240,p1110
p240,p1288
p240,p1490
p241,p500
p241,p1514
p242,p783
p242,p940
p242,p1529
p243,p1198
p243,p1637
p244,p870
p244,p1323
p244,p1640
p245,p1436
p245,p1719
p245,p1866
p246,p272
p246,p1164
p247,p379
p247,p928
p247,p1829
p248,p557
p248,p828
p248,p1116
p249,p750
p249,p854
p250,p1095
p250,p1857
p251,p1498
p251,p1766
p251,p1925
p252,p517
p252,p1556
p252,p1580
p253,p370
p253,p1277
p254,p735
p254,p1306
p254,p1445
p255,p370
p255,p530
p255,p1358
p256,p671
p256,p1418
p257,p984
p257,p1467
p257,p1507
p258,p824
p258,p1609
p259,p900
p259,p1996
p260,p1100
p261,p1013
p261,p1382
p261,p1729
p262,p341
p262,p419
p262,p1193
p263,p415
p263,p1099
p264,p360
p264,p1931
p265,p662
p265,p1014
p265,p1818
p266,p685
p266,p1330
p267,p861
p267,p1048
p268,p707
p268,p1859
p269,p461
p269,p1176
p270,p1409
p270,p1497
p271,p1036
p271,p1096
p271,p1921
p273,p1348
p274,p541
p274,p710
p274,p1657
p275,p616
p275,p1607
p276,p895
p276,p1400
p276,p1562
p277,p799
p277,p1148
p277,p1782
p278,p1487
p278,p1670
p279,p1011
p279,p1101
p280,p432
p280,p592
p281,p362
p282,p1130
p282,p1434
p282,p1676
p283,p865
p283,p1141
p283,p1321
p284,p1184
p284,p1342
p285,p1202
p285,p1328
p286,p439
p286,p1711
p286,p1755
p287,p755
p288,p665
p289,p962
p289,p1171
p289,p1669
p290,p1184
p291,p1362
p291,p1729
p292,p556
p293,p399
p293,p1027
p293,p1293
p294,p1222
p294,p1544
p295,p950
p295,p1522
p295,p1591
p296,p392
p296,p1833
p297,p343
p297,p350
p297,p1329
p298,p1155
p298,p1321
p299,p1288
p300,p884
p300,p1516
p301,p905
p301,p1856
p301,p1990
p302,p631
p302,p760
p303,p1287
p303,p1930
p304,p932
p304,p1319
p304,p1481
p305,p511
p305,p1031
p306,p705
p306,p1720
p307,p650
p307,p810
p307,p1919
p308,p1363
p308,p1916
p308,p1939
p308,p1975
p309,p1858
p310,p611
p310,p1202
p310,p1350
p311,p335
p311,p997
p312,p484
p312,p1815
p313,p758
p313,p1566
p314,p1756
p314,p1875
p315,p411
p315,p925
p316,p440
p316,p1010
p316,p1389
p317,p1690
p317,p1871
p317,p1943
p318,p892
p318,p1340
p319,p808
p319,p853
p319,p913
p320,p852
p320,p1037
p321,p969
p322,p1611
p323,p442
p323,p655
p323,p915
p323,p1724
p324,p389
p324,p860
p324,p1294
p325,p809
p325,p1183
p326,p365
p326,p621
p327,p617
p327,p1194
p329,p813
p329,p1443
p330,p596
p330,p1785
p331,p1257
p331,p1780
p331,p1800
p332,p443
p332,p883
p333,p918
p333,p1586
p334,p473
p334,p983
p334,p1271
p335,p469
p335,p1499
p336,p873
p336,p954
p336,p1844
p337,p455
p337,p1100
p338,p1048
p338,p1442
p338,p1926
p339,p520
p339,p1451
p339,p1524
p340,p525
p341,p488
p342,p378
p342,p1547
p342,p1640
p343,p1375
p343,p1709
p344,p991
p344,p1274
p345,p1464
p346,p583
p346,p769
p346,p788
p347,p434
p347,p1606
p348,p751
p348,p1407
p349,p936
p349,p1732
p350,p1519
p351,p686
p351,p1831
p352,p529
p352,p1264
p352,p1324
p353,p943
p353,p1038
p353,p1105
p354,p836
p354,p1797
p355,p1498
p355,p1844
p356,p967
p357,p1013
p357,p1284
p358,p617
p358,p1558
p359,p822
p359,p1074
p360,p825
p361,p1064
p361,p1330
p362,p1238
p363,p528
p363,p1516
p364,p731
p364,p776
p365,p1891
p366,p731
p366,p1209
p367,p907
p367,p1689
p368,p913
p368,p973
p368,p1531
p369,p1017
p369,p1275
p370,p696
p371,p545
p372,p800
p373,p529
p373,p765
p374,p576
p374,p1477
p375,p1226
p375,p1748
p375,p1926
p376,p1808
p376,p1956
p377,p1536
p377,p1760
p378,p1207
p378,p1709
p379,p1138
p379,p1809
p380,p882
p380,p1850
p381,p1292
p381,p1526
p381,p1972
p382,p906
p382,p973
p382,p1552
p383,p527
p383,p538
p383,p643
p384,p701
p384,p1535
p384,p1896
p385,p456
p385,p949
p385,p1220
p386,p651
p386,p1007
p386,p1574
p387,p1755
p388,p429
p388,p697
p388,p1234
p389,p1305
p390,p561
p390,p1178
p391,p819
p391,p1078
p391,p1368
p392,p1085
p392,p1470
p393,p917
p394,p1192
p394,p1207
p396,p473
p396,p681
p396,p1478
p397,p804
p397,p1776
p398,p522
p398,p1481
p398,p1773
p399,p1309
p400,p1182
p401,p737
p401,p1272
p401,p1384
p402,p968
p402,p1570
p403,p706
p403,p1596
p404,p492
p404,p1918
p405,p1577
p405,p1686
p406,p478
p406,p621
p407,p506
p407,p542
p407,p1049
p408,p535
p408,p1037
p409,p780
p409,p1262
p410,p542
p410,p1024
p411,p1284
p411,p1532
p412,p705
p412,p1121
p412,p1365
p413,p594
p413,p1749
p414,p1577
p415,p516
p415,p1796
p416,p677
p416,p1678
p416,p1819
p417,p481
p417,p1118
p418,p1299
p418,p1433
p418,p1591
p419,p720
p419,p1420
p420,p590
p420,p1016
p420,p1598
p421,p843
p421,p916
p421,p1905
p422,p1062
p423,p1353
p423,p1771
p424,p703
p425,p1191
p425,p1569
p426,p1022
p426,p1412
p426,p1854
p427,p1699
p427,p1898
p428,p613
p428,p1410
p429,p445
p430,p626
p430,p1713
p431,p1239
p431,p1828
p432,p579
p432,p749
p432,p1638
p433,p1092
p434,p1662
p435,p700
p435,p1998
p436,p605
p436,p1064
p437,p742
p437,p1322
p438,p820
p438,p1175
p440,p1995
p441,p792
p441,p1870
p442,p750
p443,p632
p443,p1666
p444,p638
p444,p686
p445,p534
p446,p570
p446,p936
p446,p1081
p447,p1684
p447,p1719
p448,p1634
p448,p1795
p449,p616
p449,p1826
p450,p966
p450,p1244
p451,p771
p451,p1142
p451,p1601
p452,p1046
p452,p1553
p452,p1952
p453,p1301
p453,p1986
p454,p865
p454,p1333
p454,p1848
p455,p1066
p455,p1571
p456,p996
p457,p1922
p458,p1075
p458,p1860
p459,p810
p459,p1764
p460,p573
p460,p744
p460,p856
p461,p1582
p462,p500
p462,p914
p462,p1454
p463,p1300
p463,p1385
p463,p1397
p464,p987
p465,p769
p465,p1955
p466,p1090
p466,p1355
p466,p1385
p467,p1056
p467,p1623
p467,p1822
p468,p806
p468,p1427
p468,p1650
p469,p484
p470,p998
p470,p1347
p470,p1933
p471,p1008
p472,p551
p472,p894
p472,p1608
p472,p1814
p473,p1259
p474,p594
p474,p1599
p475,p1614
p475,p1913
p475,p1976
p476,p690
p476,p1169
p476,p1727
p477,p528
p477,p578
p478,p540
p478,p1297
p479,p680
p479,p1751
p480,p723
p480,p1328
p481,p1140
p481,p1517
p482,p1550
p483,p1160
p483,p1555
p485,p1157
p485,p1881
p486,p877
p486,p1971
p487,p1258
p487,p1807
p488,p1180
p489,p875
p490,p689
p490,p1934
p491,p1349
p491,p1482
p491,p1484
p491,p1757
p492,p1472
p492,p1604
p493,p1425
p494,p1142
p494,p1525
p495,p552
p495,p690
p495,p904
p495,p1369
p496,p1191
p497,p1823
p498,p752
p498,p1185
p498,p1401
p499,p979
p499,p1610
p500,p978
p501,p1364
p501,p1459
p502,p698
p502,p1872
p503,p654
p504,p538
p504,p764
p505,p514
p505,p1214
p505,p1339
p506,p970
p507,p636
p507,p1941
p508,p537
p508,p730
p509,p974
p509,p1668
p510,p1641
p510,p1964
p511,p1429
p512,p1247
p512,p1957
p513,p794
p513,p955
p514,p1602
p514,p1726
p515,p631
p515,p1113
p515,p1246
p516,p540
p517,p1774
p518,p550
p518,p582
p518,p1278
p519,p1356
p520,p1618
p521,p606
p521,p1612
p522,p1616
p523,p1139
p523,p1292
p524,p927
p524,p1030
p524,p1419
p525,p764
p525,p1742
p526,p1140
p528,p691
p528,p909
p530,p1094
p531,p1407
p531,p1775
p532,p614
p532,p716
p532,p1251
p533,p1073
p533,p1115
p534,p665
p534,p1589
p535,p1077
p536,p1209
p538,p1120
p539,p904
p539,p1763
p542,p1034
p543,p1434
p543,p1459
p544,p772
p544,p1174
p545,p599
p546,p1212
p546,p1432
p546,p1703
p547,p1279
p547,p1853
p548,p1157
p548,p1827
p549,p716
p549,p907
p549,p1405
p550,p577
p551,p615
p552,p1727
p552,p1902
p553,p1218
p553,p1752
p553,p1886
p554,p673
p554,p1230
p555,p1303
p555,p1511
p556,p1002
p557,p1303
p558,p603
p558,p1503
p559,p985
p559,p1290
p560,p885
p560,p1937
p561,p786
p561,p1168
p562,p580
p563,p746
p563,p1312
p563,p1777
p564,p1915
p565,p1537
p565,p1746
p565,p1838
p566,p1062
p566,p1448
p567,p1092
p567,p1730
p568,p1267
p568,p1500
p569,p689
p569,p1092
p570,p1827
p570,p1982
p571,p1266
p572,p807
p572,p1167
p572,p1446
p572,p1879
p573,p1273
p574,p1707
p574,p1754
p575,p1967
p576,p1197
p576,p1797
p577,p809
p577,p1183
p578,p1740
p579,p708
p579,p1680
p580,p1853
p580,p1879
p581,p586
p581,p1104
p582,p1869
p583,p881
p583,p1437
p584,p886
p584,p1064
p585,p744
p585,p921
p585,p1376
p585,p1602
p586,p1620
p586,p1992
p587,p891
p587,p1032
p588,p1408
p589,p962
p589,p1469
p590,p1076
p590,p1668
p591,p728
p591,p1874
p592,p757
p592,p1603
p593,p814
p593,p1600
p595,p1721
p595,p1764
p595,p1919
p596,p1629
p596,p1702
p597,p980
p597,p1722
p597,p1970
p598,p1607
p598,p1967
p599,p1013
p599,p1874
p600,p1123
p600,p1580
p600,p1999
p601,p1801
p602,p651
p602,p1075
p602,p1818
p603,p1915
p604,p819
p604,p1280
p605,p1576
p606,p1550
p607,p1688
p608,p1163
p608,p1240
p609,p1569
p610,p855
p611,p723
p611,p1328
p612,p729
p612,p1080
p613,p743
p613,p1085
p614,p1104
p615,p1050
p615,p1504
p616,p1038
p618,p1056
p618,p1963
p619,p1337
p619,p1836
p620,p772
p620,p1254
p620,p1917
p621,p822
p622,p1048
p622,p1223
p623,p1123
p623,p1426
p623,p1949
p624,p1500
p626,p1036
p627,p658
p627,p876
p627,p1355
p628,p867
p629,p1977
p630,p1840
p632,p755
p633,p785
p634,p1473
p634,p1977
p635,p1065
p635,p1401
p636,p802
p636,p964
p637,p1141
p637,p1616
p638,p883
p638,p1168
p639,p1871
p640,p905
p640,p1096
p640,p1873
p641,p1558
p641,p1723
p641,p1947
p642,p787
p642,p1685
p643,p860
p644,p1697
p644,p1976
p645,p1365
p645,p1521
p645,p1522
p646,p756
p646,p1020
p646,p1614
p647,p1738
p647,p1943
p648,p893
p649,p957
p649,p1908
p650,p1606
p651,p1398
p652,p1827
p653,p838
p653,p1559
p653,p1597
p654,p1225
p654,p1925
p655,p1742
p655,p1794
p656,p1166
p656,p1460
p657,p1301
p657,p1648
p657,p1888
p658,p1489
p659,p1825
p660,p1455
p660,p1975
p661,p1154
p661,p1177
p662,p787
p662,p1792
p663,p1274
p663,p1527
p664,p1366
p664,p1498
p664,p1925
p665,p1676
p666,p1424
p666,p1593
p667,p1383
p668,p1641
p669,p811
p669,p1899
p670,p867
p670,p1399
p670,p1785
p671,p1099
p671,p1115
p672,p1877
p672,p1968
p672,p1979
p673,p768
p673,p1447
p674,p720
p674,p1180
p674,p1732
p675,p1857
p676,p1767
p676,p1790
p677,p1985
p678,p904
p679,p1888
p680,p1230
p681,p709
p681,p1247
p682,p998
p682,p1710
p683,p932
p683,p1337
p683,p1447
p684,p778
p684,p1118
p684,p1634
p686,p1261
p687,p737
p687,p1695
p688,p1494
p688,p1648
p690,p1763
p691,p708
p692,p896
p692,p909
p692,p1232
p693,p720
p693,p810
p694,p1040
p694,p1213
p694,p1665
p695,p1045
p695,p1348
p695,p1727
p695,p1902
p696,p800
p696,p1358
p696,p1927
p697,p1651
p698,p1293
p699,p1161
p699,p1255
p699,p1345
p700,p1203
p701,p1311
p704,p1341
p704,p1835
p704,p1867
p705,p994
p705,p1701
p707,p941
p707,p1222
p708,p1516
p709,p1049
p709,p1403
p710,p1262
p711,p1016
p711,p1985
p712,p1326
p712,p1816
p713,p995
p714,p1518
p714,p1670
p715,p1147
p715,p1689
p717,p863
p717,p965
p717,p1215
p718,p1060
p718,p1586
p718,p1753
p719,p1961
p721,p980
p721,p999
p721,p1411
p721,p1937
p724,p736
p725,p1902
p726,p859
p726,p1203
p726,p1953
p728,p1287
p729,p936
p729,p1421
p730,p950
p730,p1145
p731,p1408
p732,p1109
p732,p1993
p733,p1208
p733,p1833
p734,p1058
p735,p961
p736,p1566
p738,p1008
p738,p1178
p738,p1190
p739,p876
p739,p1307
p739,p1895
p740,p1877
p740,p1979
p741,p784
p741,p1646
p743,p1477
p743,p1797
p745,p908
p746,p946
p746,p1716
p747,p752
p747,p1996
p749,p757
p750,p1126
p751,p1370
p753,p1121
p753,p1235
p753,p1596
p754,p924
p754,p1204
p755,p1704
p756,p1976
p757,p831
p758,p814
p759,p889
p759,p1924
p760,p1389
p761,p941
p761,p1095
p762,p1130
p762,p1770
p763,p823
p763,p1814
p765,p1199
p766,p1206
p766,p1483
p767,p1420
p767,p1700
p768,p1087
p768,p1863
p770,p1000
p770,p1082
p770,p1307
p771,p1027
p771,p1776
p773,p1072
p773,p1874
p774,p845
p774,p1245
p775,p844
p775,p1946
p776,p1004
p776,p1721
p777,p931
p777,p1386
p777,p1956
p778,p1107
p778,p1778
p779,p790
p779,p1238
p780,p1378
p780,p1747
p781,p1356
p781,p1615
p781,p1861
p782,p1375
p782,p1640
p782,p1868
p783,p1618
p783,p1798
p783,p1945
p784,p1106
p784,p1399
p785,p1089
p785,p1231
p786,p1216
p786,p1831
p787,p1046
p788,p1437
p789,p1889
p790,p990
p790,p1763
p791,p1741
p792,p1179
p792,p1751
p793,p971
p794,p1116
p795,p950
p797,p1468
p797,p1933
p797,p1940
p798,p1084
p798,p1533
p799,p1914
p800,p1023
p801,p1111
p801,p1645
p802,p912
p803,p1011
p803,p1121
p804,p935
p804,p1147
p805,p1144
p805,p1511
p806,p1042
p807,p1502
p808,p1531
p809,p1338
p811,p1502
p813,p1242
p813,p1984
p814,p866
p815,p955
p815,p1144
p815,p1912
p816,p865
p816,p1155
p817,p1033
p817,p1171
p817,p1690
p818,p1313
p819,p1794
p820,p1731
p820,p1841
p821,p1151
p821,p1210
p821,p1804
p822,p890
p824,p851
p824,p1918
p825,p1561
p825,p1817
p826,p1338
p826,p1501
p827,p1405
p827,p1752
p828,p1595
p828,p1753
p829,p1535
p830,p903
p830,p1519
p831,p1991
p832,p1953
p832,p1973
p833,p1198
p833,p1456
p833,p1620
p834,p854
p834,p1258
p835,p956
p836,p1470
p837,p1333
p838,p1174
p838,p1914
p839,p1344
p839,p1465
p840,p1685
p841,p1864
p841,p1908
p842,p1561
p842,p1621
p843,p1961
p844,p1237
p844,p1928
p845,p1297
p846,p1101
p846,p1779
p847,p869
p847,p1502
p848,p1747
p848,p1816
p849,p1601
p850,p1019
p850,p1871
p851,p1929
p853,p1542
p853,p1575
p854,p1111
p855,p1588
p855,p1654
p856,p921
p856,p1772
p857,p925
p857,p1128
p857,p1738
p858,p1583
p858,p1584
p858,p1617
p858,p1960
p860,p1627
p861,p1671
p861,p1737
p862,p1273
p862,p1693
p863,p1381
p864,p1029
p868,p1088
p868,p1878
p869,p1899
p870,p1982
p871,p938
p871,p1675
p871,p1990
p872,p1003
p872,p1469
p872,p1728
p873,p1112
p873,p1444
p874,p1086
p875,p1913
p877,p1185
p877,p1431
p878,p1305
p878,p1710
p879,p1441
p879,p1642
p880,p1291
p880,p1900
p882,p1172
p883,p1765
p885,p1523
p885,p1619
p886,p988
p887,p908
p887,p1052
p887,p1153
p888,p957
p888,p1137
p888,p1786
p889,p1811
p891,p1178
p891,p1802
p892,p1482
p893,p991
p894,p1668
p895,p1530
p895,p1626
p897,p1170
p897,p1437
p897,p1468
p897,p1855
p898,p968
p898,p1980
p899,p1627
p900,p1221
p900,p1294
p901,p1417
p901,p1713
p901,p1921
p902,p1369
p902,p1573
p902,p1652
p903,p1812
p905,p1963
p906,p1531
p907,p1237
p908,p1496
p910,p959
p910,p1253
p910,p1861
p911,p1723
p912,p1076
p912,p1520
p914,p1285
p915,p1429
p916,p1266
p917,p1969
p918,p1060
p919,p1029
p919,p1030
p919,p1636
p920,p1215
p920,p1694
p922,p1259
p922,p1392
p922,p1758
p923,p1463
p923,p1560
p924,p1438
p926,p1466
p927,p1265
p928,p1299
p929,p1391
p930,p1825
p931,p1250
p931,p1256
p932,p1951
p933,p1242
p933,p1682
p934,p1767
p934,p1815
p935,p1959
p937,p1216
p937,p1226
p938,p1893
p939,p1279
p939,p1756
p940,p1513
p940,p1618
p942,p1248
p942,p1272
p944,p1440
p945,p1266
p945,p1544
p945,p1859
p946,p1233
p946,p1605
p947,p966
p947,p1289
p947,p1772
p948,p1283
p948,p1888
p949,p1282
p950,p1644
p951,p1543
p952,p1282
p952,p1632
p953,p1021
p953,p1845
p955,p1901
p956,p1487
p957,p1061
p957,p1722
p958,p1195
p958,p1508
p958,p1761
p958,p1921
p959,p1791
p959,p1793
p960,p1969
p961,p1228
p962,p1897
p963,p976
p963,p1095
p964,p1097
p964,p1994
p965,p1315
p965,p1506
p967,p1036
p968,p1044
p969,p1892
p970,p983
p972,p1256
p972,p1485
p974,p1598
p975,p1049
p975,p1403
p975,p1894
p976,p1996
p977,p1222
p978,p1239
p979,p1623
p979,p1684
p981,p1106
p982,p1051
p982,p1325
p984,p1505
p985,p1302
p986,p1731
p987,p1986
p988,p1023
p988,p1281
p989,p1491
p990,p1193
p991,p1821
p992,p1782
p992,p1783
p992,p1914
p993,p1676
p994,p1522
p995,p1306
p995,p1697
p996,p1182
p996,p1220
p997,p1428
p998,p1855
p999,p1563
p1000,p1378
p1001,p1160
p1001,p1958
p1001,p1989
p1002,p1055
p1002,p1397
p1003,p1875
p1004,p1359
p1004,p1606
p1004,p1662
p1005,p1305
p1006,p1733
p1006,p1951
p1007,p1575
p1008,p1032
p1010,p1821
p1012,p1529
p1014,p1379
p1015,p1402
p1015,p1793
p1017,p1489
p1018,p1373
p1020,p1845
p1021,p1967
p1022,p1435
p1024,p1049
p1025,p1464
p1025,p1542
p1026,p1071
p1026,p1310
p1026,p1364
p1027,p1872
p1029,p1999
p1031,p1221
p1031,p1639
p1032,p1150
p1032,p1692
p1034,p1331
p1035,p1739
p1035,p1865
p1038,p1336
p1039,p1317
p1039,p1351
p1039,p1835
p1040,p1324
p1040,p1542
p1041,p1434
p1042,p1223
p1042,p1884
p1043,p1057
p1043,p1146
p1045,p1169
p1045,p1404
p1046,p1227
p1047,p1065
p1048,p1187
p1050,p1981
p1051,p1228
p1051,p1356
p1052,p1799
p1053,p1633
p1053,p1758
p1054,p1224
p1055,p1409
p1055,p1497
p1056,p1177
p1059,p1199
p1059,p1432
p1060,p1781
p1061,p1509
p1062,p1560
p1063,p1113
p1064,p1250
p1066,p1878
p1067,p1501
p1067,p1850
p1068,p1377
p1069,p1136
p1069,p1739
p1070,p1383
p1070,p1661
p1071,p1589
p1072,p1611
p1073,p1384
p1073,p1735
p1074,p1567
p1074,p1683
p1075,p1917
p1077,p1679
p1078,p1807
p1079,p1349
p1079,p1482
p1079,p1803
p1080,p1081
p1080,p1510
p1082,p1275
p1083,p1319
p1083,p1488
p1083,p1805
p1083,p1887
p1084,p1781
p1086,p1553
p1087,p1430
p1089,p1118
p1090,p1465
p1091,p1192
p1091,p1565
p1093,p1206
p1096,p1963
p1097,p1172
p1098,p1254
p1101,p1521
p1101,p1546
p1102,p1452
p1103,p1674
p1103,p1937
p1104,p1992
p1105,p1871
p1107,p1795
p1108,p1274
p1109,p1129
p1109,p1777
p1110,p1957
p1112,p1638
p1113,p1725
p1114,p1691
p1114,p1749
p1114,p1897
p1115,p1418
p1115,p1550
p1117,p1466
p1117,p1661
p1119,p1325
p1119,p1987
p1120,p1673
p1122,p1350
p1122,p1586
p1122,p1595
p1124,p1595
p1124,p1974
p1125,p1436
p1125,p1692
p1126,p1149
p1126,p1594
p1127,p1268
p1127,p1492
p1127,p1810
p1128,p1382
p1130,p1425
p1131,p1943
p1133,p1276
p1133,p1508
p1133,p1633
p1134,p1988
p1135,p1813
p1136,p1913
p1139,p1140
p1139,p1246
p1142,p1776
p1143,p1278
p1143,p1850
p1145,p1361
p1145,p1380
p1145,p1644
p1148,p1938
p1149,p1744
p1150,p1984
p1152,p1834
p1153,p1612
p1154,p1244
p1154,p1623
p1155,p1239
p1156,p1515
p1156,p1557
p1157,p1474
p1158,p1592
p1158,p1698
p1159,p1326
p1159,p1762
p1161,p1658
p1162,p1661
p1164,p1808
p1165,p1787
p1165,p1932
p1166,p1484
p1166,p1757
p1168,p1802
p1169,p1421
p1170,p1865
p1170,p1940
p1172,p1920
p1173,p1533
p1173,p1759
p1174,p1583
p1174,p1960
p1175,p1467
p1176,p1270
p1179,p1379
p1181,p1186
p1181,p1561
p1183,p1632
p1184,p1658
p1186,p1540
p1187,p1216
p1187,p1671
p1187,p1686
p1188,p1702
p1189,p1993
p1190,p1748
p1191,p1527
p1193,p1700
p1194,p1320
p1194,p1910
p1195,p1330
p1196,p1410
p1196,p1663
p1197,p1199
p1199,p1483
p1200,p1205
p1201,p1454
p1202,p1536
p1203,p1571
p1205,p1854
p1207,p1433
p1209,p1368
p1210,p1876
p1210,p1935
p1211,p1277
p1211,p1344
p1211,p1927
p1213,p1643
p1213,p1962
p1215,p1696
p1215,p1886
p1217,p1391
p1218,p1811
p1219,p1388
p1219,p1560
p1221,p1806
p1223,p1737
p1224,p1730
p1225,p1745
p1227,p1687
p1229,p1396
p1229,p1592
p1229,p1745
p1230,p1371
p1231,p1778
p1232,p1417
p1232,p1471
p1233,p1312
p1233,p1842
p1234,p1314
p1235,p1592
p1236,p1969
p1237,p1525
p1240,p1772
p1241,p1839
p1241,p1974
p1242,p1559
p1244,p1289
p1244,p1610
p1245,p1418
p1247,p1593
p1248,p1768
p1248,p1820
p1249,p1540
p1250,p1295
p1251,p1405
p1251,p1924
p1252,p1911
p1254,p1572
p1255,p1342
p1255,p1923
p1256,p1259
p1257,p1507
p1258,p1512
p1260,p1693
p1261,p1439
p1263,p1545
p1263,p1642
p1263,p1895
p1264,p1477
p1265,p1419
p1268,p1958
p1268,p1989
p1269,p1350
p1270,p1357
p1272,p1903
p1273,p1304
p1273,p1736
p1276,p1909
p1279,p1665
p1281,p1291
p1281,p1576
p1282,p1621
p1286,p1366
p1286,p1659
p1288,p1655
p1289,p1682
p1290,p1419
p1290,p1636
p1291,p1358
p1293,p1671
p1294,p1673
p1296,p1492
p1296,p1989
p1298,p1882
p1299,p1667
p1302,p1767
p1302,p1907
p1304,p1422
p1307,p1515
p1308,p1555
p1309,p1601
p1310,p1314
p1311,p1790
p1312,p1681
p1313,p1352
p1313,p1704
p1314,p1480
p1316,p1669
p1317,p1492
p1318,p1847
p1318,p1916
p1321,p1549
p1323,p1493
p1323,p1947
p1327,p1819
p1327,p1941
p1329,p1945
p1331,p1803
p1332,p1394
p1332,p1846
p1333,p1860
p1335,p1373
p1335,p1594
p1335,p1944
p1336,p1746
p1336,p1826
p1337,p1863
p1338,p1817
p1341,p1387
p1342,p1759
p1343,p1410
p1343,p1663
p1343,p1832
p1345,p1869
p1346,p1711
p1346,p1930
p1349,p1407
p1351,p1416
p1351,p1637
p1352,p1657
p1353,p1469
p1353,p1630
p1354,p1885
p1354,p1940
p1357,p1830
p1359,p1408
p1360,p1396
p1360,p1562
p1361,p1374
p1361,p1717
p1362,p1988
p1363,p1843
p1366,p1961
p1367,p1920
p1370,p1383
p1370,p1661
p1372,p1524
p1372,p1944
p1373,p1717
p1375,p1982
p1377,p1986
p1378,p1557
p1380,p1521
p1381,p1423
p1386,p1528
p1387,p1924
p1390,p1724
p1390,p1744
p1391,p1580
p1393,p1552
p1393,p1707
p1395,p1908
p1395,p1970
p1398,p1572
p1400,p1603
p1402,p1972
p1404,p1554
p1404,p1590
p1406,p1654
p1406,p1743
p1409,p1877
p1411,p1722
p1411,p1786
p1412,p1435
p1413,p1678
p1413,p1906
p1413,p1953
p1415,p1750
p1415,p1790
p1416,p1457
p1417,p1508
p1418,p1735
p1424,p1478
p1424,p1909
p1427,p1462
p1428,p1453
p1428,p1949
p1429,p1724
p1430,p1613
p1431,p1806
p1432,p1942
p1433,p1813
p1434,p1564
p1435,p1439
p1438,p1625
p1440,p1532
p1441,p1456
p1441,p1637
p1442,p1828
p1442,p1847
p1443,p1597
p1443,p1966
p1444,p1766
p1446,p1570
p1448,p1804
p1449,p1459
p1450,p1761
p1450,p1858
p1451,p1812
p1452,p1612
p1453,p1635
p1455,p1650
p1455,p1750
p1456,p1548
p1458,p1800
p1458,p1981
p1462,p1585
p1463,p1509
p1466,p1915
p1467,p1788
p1471,p1713
p1471,p1740
p1472,p1609
p1472,p1688
p1472,p1918
p1473,p1670
p1474,p1664
p1475,p1808
p1476,p1726
p1476,p1741
p1477,p1962
p1478,p1849
p1479,p1487
p1481,p1932
p1483,p1568
p1486,p1743
p1488,p1499
p1490,p1978
p1491,p1779
p1493,p1503
p1493,p1547
p1494,p1693
p1495,p1506
p1495,p1936
p1497,p1846
p1503,p1551
p1504,p1780
p1505,p1608
p1505,p1994
p1506,p1656
p1507,p1788
p1510,p1881
p1511,p1533
p1513,p1647
p1514,p1917
p1515,p1642
p1516,p1997
p1517,p1838
p1518,p1654
p1520,p1608
p1520,p1994
p1526,p1791
p1527,p1725
p1528,p1622
p1530,p1720
p1531,p1617
p1535,p1787
p1537,p1826
p1539,p1598
p1541,p1892
p1541,p1978
p1541,p1991
p1548,p1747
p1549,p1939
p1551,p1624
p1553,p1613
p1555,p1587
p1555,p1979
p1559,p1783
p1563,p1674
p1565,p1667
p1565,p1718
p1567,p1771
p1568,p1942
p1570,p1754
p1571,p1950
p1573,p1964
p1578,p1643
p1579,p1684
p1579,p1822
p1581,p1691
p1581,p1852
p1582,p1885
p1583,p1914
p1585,p1737
p1587,p1681
p1588,p1600
p1590,p1619
p1593,p1957
p1599,p1728
p1604,p1659
p1615,p1845
p1616,p1843
p1622,p1800
p1625,p1901
p1626,p1655
p1627,p1830
p1628,p1973
p1631,p1841
p1631,p1898
p1635,p1887
p1638,p1680
p1639,p1673
p1643,p1665
p1645,p1944
p1647,p1721
p1647,p1764
p1648,p1980
p1651,p1743
p1653,p1710
p1655,p1978
p1656,p1872
p1657,p1666
p1657,p1840
p1658,p1923
p1660,p1928
p1660,p1992
p1663,p1875
p1664,p1910
p1672,p1864
p1672,p1876
p1677,p1903
p1677,p1922
p1679,p1931
p1682,p1736
p1682,p1783
p1683,p1899
p1687,p1870
p1689,p1752
p1694,p1959
p1695,p1820
p1698,p1983
p1699,p1869
p1701,p1889
p1703,p1755
p1705,p1880
p1706,p1708
p1706,p1746
p1707,p1938
p1708,p1734
p1709,p1868
p1712,p1912
p1714,p1823
p1714,p1904
p1714,p1936
p1715,p1955
p1717,p1971
p1718,p1809
p1729,p1795
p1730,p1891
p1732,p1801
p1733,p1836
p1758,p1849
p1760,p1839
p1762,p1992
p1765,p1802
p1769,p1823
p1770,p1846
p1771,p1891
p1780,p1981
p1784,p1948
p1789,p1831
p1796,p1834
p1798,p1982
p1805,p1815
p1810,p1867
p1812,p1813
p1815,p1896
p1818,p1860
p1822,p1856
p1825,p1934
p1837,p1894
p1842,p1968
p1843,p1932
p1851,p1948
p1856,p1963
p1859,p1983
p1862,p1954
p1873,p1900
p1876,p1950
p1881,p1890
p1882,p1946
p1884,p1975
p1893,p1900
p1909,p1911
p1935,p1998
