p0,p972
p0,p813
p0,p752
p0,p248
p1,p1989
p1,p1132
p1,p1685
p1,p266
p2,p257
p2,p47
p2,p683
p2,p713
p3,p121
p3,p964
p3,p349
p3,p615
p4,p1881
p4,p1295
p4,p8
p4,p840
p5,p178
p5,p191
p5,p749
p5,p138
p6,p1063
p6,p1659
p6,p576
p6,p1013
p7,p315
p7,p281
p7,p81
p7,p35
p9,p784
p9,p366
p9,p1265
p9,p1575
p10,p1325
p10,p1738
p10,p1300
p10,p438
p11,p1904
p11,p210
p11,p405
p11,p931
p12,p1571
p12,p573
p12,p709
p12,p1315
p13,p1639
p13,p368
p13,p639
p13,p238
p14,p1391
p14,p31
p14,p1331
p14,p1961
p15,p1539
p15,p101
p15,p289
p15,p176
p16,p1359
p16,p90
p16,p157
p16,p999
p17,p122
p17,p1008
p17,p735
p17,p1088
p18,p1510
p18,p1673
p18,p1471
p18,p1415
p19,p179
p19,p1377
p19,p331
p19,p1274
p20,p1577
p20,p845
p20,p1249
p20,p1790
p21,p1245
p21,p1563
p21,p142
p21,p1255
p22,p398
p22,p1913
p22,p1602
p22,p1873
p23,p859
p23,p307
p23,p916
p23,p1261
p24,p970
p24,p1821
p24,p409
p24,p1686
p25,p1231
p25,p593
p25,p816
p25,p1327
p26,p159
p26,p1499
p26,p1262
p26,p724
p27,p1187
p27,p748
p27,p399
p27,p35
p28,p1460
p28,p653
p28,p144
p28,p1494
p29,p1260
p29,p1388
p29,p937
p29,p1310
p30,p974
p30,p1955
p30,p985
p30,p1162
p31,p1331
p32,p966
p32,p320
p32,p769
p32,p420
p33,p1966
p33,p141
p33,p1216
p33,p1944
p34,p1246
p34,p311
p34,p478
p34,p855
p35,p281
p35,p315
p35,p1187
p35,p81
p36,p1949
p36,p1355
p36,p668
p36,p1934
p37,p1855
p37,p1423
p37,p1298
p37,p194
p38,p70
p38,p144
p38,p1953
p38,p370
p39,p455
p39,p1439
p39,p1682
p39,p519
p40,p1003
p40,p1680
p40,p1995
p40,p1199
p41,p1546
p41,p494
p41,p1702
p41,p1969
p42,p823
p42,p780
p42,p1311
p42,p1469
p43,p1081
p43,p96
p43,p1323
p43,p62
p44,p1834
p44,p1553
p44,p878
p44,p1380
p45,p1526
p45,p1512
p45,p1036
p45,p1532
p46,p1951
p46,p1204
p46,p1681
p46,p1030
p47,p257
p47,p713
p47,p683
p48,p1569
p48,p1833
p48,p1573
p48,p1544
p49,p814
p49,p755
p49,p1736
p49,p736
p50,p78
p50,p779
p50,p432
p50,p1741
p51,p643
p51,p808
p51,p928
p51,p947
p52,p378
p52,p73
p52,p1261
p52,p1831
p53,p174
p53,p369
p53,p480
p53,p1064
p54,p344
p54,p1593
p54,p1603
p54,p521
p55,p1370
p55,p1146
p55,p405
p55,p1993
p56,p246
p56,p150
p56,p740
p56,p969
p57,p116
p57,p803
p57,p541
p57,p1548
p58,p76
p58,p471
p58,p423
p58,p1339
p59,p727
p59,p417
p59,p948
p59,p448
p60,p1785
p60,p599
p60,p1048
p60,p1078
p61,p1690
p61,p1279
p61,p1973
p61,p1026
p62,p737
p62,p1081
p62,p748
p62,p1281
p63,p910
p63,p555
p63,p1122
p63,p1079
p64,p1560
p64,p1419
p64,p558
p64,p1200
p65,p1182
p65,p1937
p65,p563
p65,p1434
p66,p1959
p66,p1898
p66,p768
p66,p1826
p67,p216
p67,p1019
p67,p210
p67,p483
p68,p589
p68,p190
p68,p140
p68,p901
p69,p1899
p69,p878
p69,p1553
p69,p1834
p70,p144
p38,p1234
p71,p1291
p71,p350
p71,p695
p71,p1601
p72,p223
p72,p771
p72,p1476
p72,p1894
p73,p1261
p73,p1634
p73,p1169
p73,p1831
p74,p1155
p74,p1292
p74,p103
p74,p935
p75,p1574
p75,p95
p75,p118
p75,p568
p58,p746
p77,p1433
p77,p899
p77,p745
p77,p634
p78,p779
p79,p352
p79,p723
p79,p1567
p79,p915
p80,p1867
p80,p1570
p80,p518
p80,p1547
p81,p1285
p81,p1107
p81,p1931
p81,p281
p82,p1345
p82,p1748
p82,p1945
p82,p1392
p83,p1463
p83,p1903
p83,p1924
p83,p294
p84,p285
p84,p995
p84,p1016
p84,p1116
p85,p828
p85,p509
p85,p1632
p85,p267
p86,p1399
p86,p205
p86,p1270
p86,p1483
p87,p705
p87,p1552
p87,p1513
p87,p1695
p88,p1319
p88,p1050
p88,p1840
p88,p1583
p89,p1126
p89,p893
p89,p131
p89,p1723
p90,p157
p90,p999
p90,p975
p90,p943
p91,p1326
p91,p1286
p91,p849
p91,p1493
p92,p793
p92,p1742
p92,p1552
p92,p1386
p93,p1369
p93,p1140
p93,p261
p93,p1555
p94,p1512
p94,p1526
p94,p659
p45,p94
p95,p456
p95,p1574
p75,p1869
p96,p183
p43,p371
p97,p506
p97,p232
p97,p566
p97,p559
p98,p1799
p98,p1728
p98,p268
p98,p549
p99,p1944
p99,p986
p99,p1478
p99,p1398
p100,p937
p100,p1467
p100,p468
p100,p1309
p101,p1914
p101,p1220
p101,p1539
p101,p1614
p102,p1845
p102,p1057
p102,p415
p102,p549
p103,p1155
p103,p832
p74,p529
p104,p1039
p104,p516
p104,p1739
p104,p1183
p105,p609
p105,p714
p105,p1900
p105,p982
p106,p337
p106,p1240
p106,p670
p106,p413
p107,p1883
p107,p813
p107,p162
p107,p972
p108,p231
p108,p927
p108,p1144
p108,p1015
p109,p1058
p109,p617
p109,p1242
p109,p1067
p110,p1531
p110,p394
p110,p1952
p110,p1867
p111,p1759
p111,p137
p111,p883
p111,p1911
p112,p1207
p112,p1566
p112,p1308
p112,p520
p113,p1938
p113,p202
p113,p841
p113,p1784
p114,p856
p114,p1351
p114,p341
p114,p1049
p115,p462
p115,p1964
p115,p1492
p115,p330
p116,p1866
p116,p803
p117,p229
p117,p893
p117,p131
p117,p1126
p118,p1267
p119,p1480
p119,p1764
p119,p631
p119,p638
p120,p588
p120,p1943
p120,p273
p120,p1578
p3,p1671
p17,p1117
p123,p435
p123,p488
p123,p377
p123,p1409
p124,p1718
p124,p1843
p124,p880
p124,p1159
p125,p622
p125,p1788
p125,p1278
p125,p1175
p126,p953
p126,p1141
p126,p1385
p126,p1989
p127,p524
p127,p1920
p127,p1882
p127,p811
p128,p1442
p128,p1856
p128,p830
p128,p1391
p129,p945
p129,p1754
p129,p606
p129,p353
p130,p167
p130,p882
p130,p358
p130,p1631
p131,p1723
p131,p893
p131,p229
p132,p734
p132,p1426
p132,p1235
p132,p333
p133,p1278
p133,p1175
p133,p837
p133,p1644
p134,p1970
p134,p1032
p134,p681
p134,p855
p135,p1676
p135,p1507
p135,p447
p135,p875
p136,p161
p136,p1684
p0,p136
p0,p1969
p137,p1759
p111,p1163
p138,p1962
p138,p749
p138,p639
p138,p1794
p139,p750
p139,p1054
p139,p1820
p139,p148
p140,p901
p140,p589
p68,p1492
p141,p1944
p141,p1272
p141,p1398
p142,p1245
p142,p1563
p142,p644
p142,p1085
p143,p710
p143,p1065
p143,p611
p143,p720
p70,p1234
p38,p1460
p145,p475
p145,p1992
p145,p900
p50,p145
p146,p693
p146,p1243
p146,p1180
p146,p1447
p147,p1704
p147,p876
p147,p1947
p147,p1897
p148,p585
p148,p292
p149,p1252
p149,p1534
p149,p1983
p149,p1981
p150,p740
p150,p969
p150,p322
p119,p151
p20,p119
p20,p1480
p152,p782
p152,p302
p152,p707
p152,p968
p153,p259
p153,p1619
p153,p275
p153,p1488
p154,p1829
p154,p283
p154,p1188
p154,p1869
p155,p1055
p155,p1208
p155,p962
p88,p155
p156,p1916
p156,p742
p156,p342
p156,p1178
p157,p999
p158,p804
p158,p1880
p158,p1875
p158,p1194
p160,p364
p160,p1012
p160,p583
p160,p677
p136,p1969
p136,p604
p162,p1883
p107,p752
p107,p1876
p163,p1125
p163,p252
p163,p1098
p163,p1927
p164,p1267
p118,p164
p118,p568
p118,p1301
p165,p1320
p165,p984
p165,p675
p165,p464
p166,p848
p166,p1660
p166,p1474
p166,p1457
p168,p1910
p168,p188
p168,p1039
p168,p743
p169,p839
p169,p194
p169,p1637
p169,p1423
p170,p1550
p170,p363
p170,p1778
p170,p1508
p171,p1471
p171,p1223
p171,p1536
p171,p1673
p172,p1996
p172,p983
p172,p233
p172,p1022
p173,p1169
p173,p775
p173,p307
p173,p1261
p174,p1798
p174,p480
p175,p1233
p175,p1355
p175,p665
p175,p1488
p176,p1930
p176,p226
p176,p1612
p176,p289
p177,p996
p177,p1747
p177,p789
p177,p868
p5,p1855
p180,p442
p180,p1933
p180,p1630
p180,p1357
p181,p1153
p181,p629
p181,p1707
p181,p366
p182,p314
p182,p407
p182,p1875
p182,p1044
p96,p371
p184,p632
p184,p1768
p184,p399
p184,p690
p185,p266
p185,p1645
p185,p1685
p185,p884
p186,p1688
p186,p726
p186,p1090
p186,p1236
p187,p376
p187,p896
p187,p1746
p187,p1598
p188,p537
p188,p337
p188,p1910
p188,p670
p189,p1389
p189,p641
p189,p287
p189,p1018
p190,p1253
p68,p1382
p68,p618
p5,p647
p5,p1100
p192,p1641
p192,p244
p192,p993
p192,p756
p193,p694
p193,p1661
p193,p258
p193,p786
p194,p1423
p194,p839
p195,p739
p195,p309
p195,p250
p195,p1435
p196,p1584
p196,p1503
p196,p377
p196,p883
p197,p450
p197,p345
p197,p1269
p197,p934
p198,p528
p198,p1395
p198,p1528
p198,p905
p199,p1148
p199,p1743
p199,p1124
p199,p582
p200,p447
p200,p445
p200,p628
p200,p1507
p201,p498
p84,p201
p113,p1066
p82,p113
p203,p627
p203,p1774
p203,p1860
p203,p1013
p204,p1400
p204,p553
p204,p436
p204,p1454
p205,p1483
p206,p276
p206,p1938
p206,p841
p113,p206
p207,p410
p207,p1329
p207,p527
p207,p332
p208,p1170
p208,p1847
p208,p787
p208,p899
p209,p1737
p209,p591
p209,p536
p209,p1453
p11,p540
p11,p67
p211,p1649
p211,p1677
p211,p1123
p211,p1397
p212,p1908
p212,p1965
p212,p1060
p212,p1701
p213,p1297
p213,p567
p213,p1214
p213,p387
p214,p1106
p214,p406
p214,p1289
p214,p608
p215,p660
p215,p1049
p215,p1396
p215,p1377
p67,p1299
p67,p1491
p217,p890
p217,p919
p217,p1999
p217,p482
p218,p1606
p218,p468
p218,p1097
p218,p1309
p97,p219
p97,p1857
p97,p1112
p97,p807
p220,p663
p220,p310
p220,p1321
p220,p834
p221,p1852
p221,p895
p221,p607
p221,p1043
p222,p870
p222,p865
p222,p1300
p222,p438
p72,p1516
p224,p810
p224,p1933
p224,p1630
p224,p367
p225,p900
p225,p279
p225,p1730
p225,p1992
p226,p1343
p226,p339
p227,p728
p227,p1290
p227,p990
p227,p1268
p228,p1911
p228,p1028
p228,p338
p228,p1163
p117,p1723
p230,p1579
p212,p230
p212,p1042
p232,p506
p232,p559
p233,p983
p233,p1996
p234,p1788
p234,p574
p234,p1623
p234,p622
p235,p374
p235,p783
p235,p1138
p235,p625
p236,p1287
p236,p662
p236,p282
p236,p978
p237,p1848
p237,p1487
p237,p295
p237,p1477
p238,p1876
p238,p1393
p238,p1639
p238,p368
p239,p701
p239,p1725
p239,p1527
p239,p1710
p240,p248
p240,p813
p240,p972
p240,p962
p241,p552
p241,p1854
p241,p1420
p241,p280
p242,p319
p242,p1635
p242,p1682
p242,p1980
p243,p1135
p243,p1149
p243,p1865
p243,p1790
p244,p993
p244,p1641
p192,p434
p245,p959
p245,p1990
p245,p539
p245,p1501
p56,p1523
p247,p251
p247,p1579
p247,p865
p247,p1131
p0,p240
p249,p761
p249,p373
p249,p1053
p249,p415
p250,p739
p250,p735
p250,p1409
p250,p1088
p252,p1125
p252,p1098
p252,p1927
p252,p1760
p253,p1247
p253,p1542
p253,p873
p253,p943
p254,p1667
p254,p1221
p254,p1168
p254,p1775
p255,p412
p255,p818
p255,p1484
p255,p1199
p256,p1954
p256,p1580
p256,p575
p256,p1767
p258,p1628
p258,p1795
p259,p275
p153,p1699
p260,p676
p260,p1057
p260,p760
p260,p1998
p261,p861
p261,p1597
p261,p678
p261,p1140
p262,p736
p262,p814
p262,p559
p49,p262
p263,p1022
p263,p1877
p263,p1160
p263,p1617
p264,p542
p264,p1810
p264,p430
p264,p733
p265,p924
p265,p401
p265,p682
p265,p586
p1,p185
p267,p1184
p267,p788
p267,p1121
p267,p1454
p98,p437
p98,p1447
p269,p1095
p269,p1647
p269,p1353
p269,p1665
p270,p1815
p270,p507
p270,p944
p270,p1487
p271,p461
p271,p1515
p271,p923
p271,p728
p272,p1519
p272,p879
p272,p924
p272,p685
p273,p809
p273,p1578
p273,p457
p273,p1350
p274,p950
p274,p704
p274,p971
p274,p1753
p276,p584
p206,p1850
p206,p500
p277,p1120
p277,p1280
p277,p1713
p277,p440
p278,p1420
p278,p1854
p278,p1801
p278,p1640
p279,p570
p279,p1306
p280,p1761
p280,p989
p280,p552
p282,p717
p282,p1837
p282,p416
p282,p1209
p154,p448
p154,p948
p284,p1264
p284,p361
p284,p1306
p284,p1075
p286,p1475
p286,p359
p286,p1451
p286,p1625
p287,p785
p189,p1804
p288,p1887
p288,p505
p288,p1807
p288,p1198
p289,p1612
p289,p1719
p289,p1012
p289,p1930
p290,p1934
p290,p1949
p290,p668
p290,p1415
p291,p753
p291,p568
p291,p1054
p95,p291
p292,p1820
p292,p1000
p292,p987
p293,p427
p293,p1014
p224,p293
p224,p720
p294,p649
p294,p1903
p83,p1505
p237,p495
p296,p1722
p296,p1967
p296,p380
p296,p303
p297,p1201
p297,p1976
p297,p1893
p297,p888
p298,p787
p298,p1241
p298,p1777
p298,p1422
p299,p1485
p299,p1383
p299,p522
p299,p1817
p300,p406
p300,p1556
p300,p608
p300,p1034
p301,p1249
p301,p1465
p301,p892
p301,p732
p302,p782
p302,p1267
p152,p580
p303,p1150
p296,p1900
p304,p392
p304,p1681
p304,p1951
p304,p722
p305,p1066
p305,p1432
p305,p1750
p202,p305
p306,p369
p306,p496
p306,p1559
p306,p1372
p307,p775
p173,p916
p308,p471
p308,p1441
p308,p746
p308,p1237
p309,p1435
p195,p1028
p195,p1203
p220,p1180
p220,p831
p311,p1246
p311,p478
p34,p325
p312,p1116
p312,p1016
p312,p995
p84,p312
p313,p1436
p313,p453
p313,p798
p313,p1486
p314,p1787
p316,p1849
p316,p1698
p316,p1224
p316,p1697
p317,p1021
p317,p1884
p317,p875
p317,p1339
p318,p1740
p318,p1083
p318,p1129
p318,p803
p319,p1635
p320,p1710
p320,p1527
p320,p1344
p320,p1725
p321,p1496
p321,p1586
p321,p658
p321,p1491
p322,p969
p150,p1089
p150,p601
p323,p1792
p323,p1885
p323,p501
p323,p1971
p324,p1382
p324,p724
p324,p1262
p190,p324
p325,p1467
p325,p1674
p325,p1310
p325,p937
p326,p512
p326,p1770
p326,p1807
p326,p955
p327,p1654
p327,p1456
p327,p1664
p327,p429
p328,p417
p328,p1937
p328,p727
p59,p328
p329,p946
p329,p1368
p329,p1588
p329,p1130
p330,p462
p330,p1492
p115,p1152
p331,p1459
p331,p660
p331,p1396
p332,p410
p332,p815
p332,p490
p332,p1892
p333,p734
p132,p1351
p334,p1509
p334,p339
p334,p829
p334,p1567
p335,p535
p335,p476
p335,p1358
p335,p1791
p336,p537
p188,p336
p188,p476
p337,p670
p337,p1240
p106,p188
p338,p1028
p338,p1375
p338,p1029
p339,p829
p226,p334
p340,p963
p340,p463
p340,p1403
p340,p1185
p341,p1473
p341,p1715
p342,p742
p342,p1178
p156,p1794
p60,p343
p60,p1354
p54,p1595
p54,p1348
p345,p1269
p345,p450
p345,p934
p346,p1146
p346,p619
p346,p822
p346,p1255
p347,p857
p347,p1537
p347,p871
p347,p1679
p348,p614
p348,p1655
p348,p1193
p348,p1731
p349,p1402
p349,p964
p3,p1322
p350,p1601
p71,p1414
p351,p1886
p351,p572
p351,p1011
p351,p718
p352,p489
p352,p1175
p79,p1278
p353,p606
p353,p1327
p353,p1533
p353,p594
p354,p1981
p354,p1729
p354,p1988
p354,p605
p355,p957
p355,p1038
p355,p365
p355,p1422
p356,p1636
p356,p1709
p356,p1797
p356,p1513
p357,p1238
p357,p1309
p357,p951
p357,p468
p358,p1631
p358,p1671
p167,p358
p359,p1625
p286,p540
p360,p1816
p360,p1866
p360,p1486
p360,p1658
p361,p1264
p361,p1075
p284,p1756
p362,p1307
p362,p1974
p362,p873
p362,p1037
p363,p1508
p363,p1778
p363,p1550
p160,p289
p365,p1038
p365,p1666
p365,p1145
p9,p1153
p9,p629
p367,p810
p367,p1372
p367,p1811
p367,p1630
p368,p1639
p368,p757
p53,p306
p53,p1559
p370,p381
p370,p1656
p183,p371
p43,p770
p372,p973
p372,p1651
p372,p677
p372,p638
p373,p761
p249,p1678
p235,p1230
p235,p430
p235,p1870
p375,p918
p375,p1023
p375,p1113
p375,p851
p376,p1746
p376,p872
p377,p488
p123,p1503
p378,p887
p52,p1888
p52,p1092
p379,p1440
p379,p866
p379,p449
p379,p1102
p380,p1722
p380,p1814
p380,p1431
p370,p1340
p370,p1090
p382,p1926
p382,p1010
p382,p1922
p382,p1905
p383,p1165
p383,p1041
p383,p1773
p383,p1446
p384,p869
p384,p1634
p384,p1169
p384,p822
p385,p656
p385,p1381
p385,p1576
p385,p550
p386,p1700
p386,p681
p386,p1481
p386,p889
p387,p1074
p387,p625
p213,p874
p388,p1960
p388,p592
p388,p818
p388,p1093
p389,p1549
p389,p415
p389,p970
p389,p676
p390,p1380
p390,p1553
p390,p878
p44,p390
p391,p1202
p380,p391
p380,p1087
p393,p1957
p393,p1609
p393,p608
p393,p1556
p394,p1952
p394,p1677
p394,p503
p395,p510
p395,p486
p395,p1180
p395,p1733
p396,p852
p396,p1582
p396,p1437
p396,p1824
p397,p1037
p397,p754
p397,p1974
p397,p1099
p398,p1913
p399,p1768
p399,p632
p27,p184
p400,p1714
p400,p1128
p400,p1441
p400,p671
p401,p1588
p401,p685
p265,p879
p402,p1758
p402,p981
p402,p1712
p402,p1786
p403,p1622
p403,p908
p403,p1404
p403,p1195
p404,p1444
p404,p629
p366,p404
p366,p1153
p405,p1904
p11,p1529
p11,p55
p406,p1556
p300,p1957
p314,p407
p182,p1064
p408,p1096
p408,p1009
p408,p1418
p408,p1284
p24,p1891
p207,p1703
p411,p551
p411,p1115
p411,p1215
p411,p687
p412,p939
p412,p1484
p255,p433
p413,p1851
p413,p1061
p413,p1166
p414,p780
p414,p1311
p414,p1845
p42,p414
p102,p389
p416,p1837
p416,p564
p282,p1052
p418,p1119
p418,p1771
p418,p1518
p418,p1529
p419,p422
p419,p1256
p419,p1171
p419,p1694
p420,p769
p420,p667
p420,p1823
p420,p1819
p421,p1745
p421,p439
p421,p602
p421,p637
p422,p1256
p419,p592
p423,p745
p423,p1433
p77,p423
p58,p77
p424,p955
p424,p1199
p424,p1680
p424,p1143
p425,p1878
p425,p484
p425,p776
p425,p1254
p426,p700
p426,p1346
p426,p716
p426,p1062
p293,p1581
p293,p1077
p428,p1946
p428,p833
p428,p944
p428,p483
p429,p877
p429,p1456
p69,p327
p374,p430
p374,p451
p374,p1889
p374,p625
p431,p798
p431,p1407
p431,p1919
p431,p1857
p78,p432
p433,p1663
p433,p939
p433,p1484
p412,p433
p434,p1172
p434,p1445
p434,p1411
p244,p434
p436,p1047
p204,p1196
p437,p1728
p268,p437
p268,p1447
p438,p1644
p438,p870
p10,p915
p439,p637
p439,p1387
p439,p1827
p440,p1822
p440,p1280
p441,p1713
p441,p602
p441,p1120
p441,p1745
p180,p656
p443,p1780
p443,p858
p443,p1508
p363,p443
p444,p1598
p444,p648
p444,p529
p103,p444
p445,p628
p200,p672
p446,p1993
p446,p886
p446,p1110
p446,p1205
p447,p1507
p447,p628
p200,p1676
p59,p283
p449,p1418
p449,p866
p451,p1889
p451,p1870
p7,p451
p7,p430
p452,p842
p452,p497
p452,p1301
p452,p772
p453,p1083
p313,p318
p454,p1620
p454,p544
p454,p1706
p454,p1692
p39,p1390
p95,p1869
p95,p1829
p457,p1192
p457,p809
p457,p1350
p458,p633
p458,p1781
p458,p1839
p458,p1294
p459,p826
p459,p758
p459,p1142
p459,p1265
p460,p1394
p460,p1687
p460,p1893
p460,p888
p271,p867
p463,p1403
p463,p963
p340,p1086
p464,p1320
p165,p1822
p465,p1716
p465,p1958
p465,p1227
p465,p829
p466,p1343
p226,p466
p226,p1156
p467,p1805
p467,p903
p467,p921
p467,p1379
p468,p1309
p468,p1097
p100,p357
p469,p1984
p469,p645
p469,p891
p469,p1756
p470,p1757
p470,p624
p470,p1842
p470,p1828
p471,p746
p76,p471
p76,p308
p472,p1239
p472,p731
p472,p1720
p472,p1161
p473,p1896
p473,p517
p473,p474
p473,p1494
p474,p977
p474,p1896
p474,p520
p474,p704
p476,p535
p335,p795
p477,p1316
p477,p1210
p477,p1388
p477,p951
p479,p545
p479,p1818
p479,p808
p479,p947
p480,p1064
p174,p407
p481,p1982
p481,p1242
p481,p836
p481,p1067
p482,p890
p482,p919
p482,p1920
p483,p1299
p483,p658
p216,p483
p216,p1491
p484,p776
p484,p958
p484,p1254
p485,p1104
p485,p1987
p485,p1024
p33,p485
p395,p1243
p487,p1844
p487,p1408
p487,p555
p487,p1652
p125,p352
p490,p706
p490,p1892
p490,p1846
p491,p504
p491,p1998
p491,p760
p491,p1799
p492,p1785
p492,p1048
p492,p1232
p343,p492
p493,p1905
p493,p1010
p493,p1401
p493,p1835
p494,p1546
p495,p1477
p495,p1602
p295,p495
p295,p934
p497,p1661
p193,p452
p201,p285
p201,p997
p499,p1917
p242,p499
p242,p985
p500,p1760
p500,p1973
p500,p1690
p500,p1850
p502,p1767
p502,p1362
p502,p805
p502,p575
p503,p1547
p503,p1123
p503,p1649
p491,p1839
p505,p1198
p505,p1887
p505,p686
p505,p1472
p232,p566
p507,p1438
p507,p1542
p507,p863
p507,p1303
p508,p1991
p508,p1424
p508,p1836
p508,p577
p509,p1276
p85,p1643
p85,p1802
p511,p1861
p511,p1195
p511,p908
p511,p759
p326,p1979
p513,p740
p150,p513
p56,p1411
p514,p661
p514,p712
p514,p1162
p514,p1569
p515,p1915
p515,p640
p515,p1894
p515,p1516
p516,p1183
p104,p979
p517,p618
p517,p1964
p115,p473
p518,p1867
p518,p1531
p80,p110
p519,p1390
p519,p1874
p455,p519
p455,p1005
p520,p704
p520,p977
p520,p1566
p521,p961
p344,p521
p344,p1595
p344,p1349
p522,p1485
p523,p1474
p523,p1457
p523,p797
p523,p1564
p525,p729
p525,p756
p525,p1572
p525,p942
p526,p752
p526,p1232
p162,p526
p207,p889
p528,p1812
p528,p1446
p103,p529
p103,p340
p530,p1481
p530,p889
p530,p1258
p530,p1010
p531,p1711
p531,p794
p531,p1547
p531,p1397
p532,p1168
p532,p1221
p532,p1667
p532,p1775
p533,p1895
p533,p1932
p533,p994
p533,p1205
p534,p604
p534,p1684
p534,p599
p534,p1969
p536,p1453
p536,p591
p536,p1737
p538,p981
p402,p538
p402,p508
p540,p1625
p540,p1451
p359,p540
p210,p359
p541,p1548
p541,p1977
p116,p541
p116,p612
p542,p1810
p542,p1031
p264,p1337
p543,p1056
p543,p766
p543,p1152
p543,p1695
p454,p1482
p545,p1107
p545,p1285
p81,p545
p81,p1080
p546,p1005
p546,p914
p546,p1334
p546,p718
p547,p595
p547,p988
p547,p1749
p547,p722
p548,p679
p548,p1608
p548,p655
p548,p907
p549,p1057
p549,p760
p549,p1799
p550,p1381
p550,p1576
p550,p1357
p550,p1348
p551,p687
p241,p791
p553,p1400
p553,p1823
p204,p1880
p554,p1062
p554,p700
p554,p1657
p554,p1809
p555,p1408
p555,p1079
p63,p487
p556,p1378
p556,p874
p556,p1606
p387,p556
p557,p1139
p557,p562
p557,p1195
p557,p570
p558,p1419
p558,p861
p261,p558
p559,p566
p560,p1626
p560,p1443
p560,p1073
p560,p941
p561,p1969
p494,p561
p161,p494
p562,p819
p562,p1139
p562,p917
p563,p1434
p563,p1248
p563,p1182
p563,p1937
p564,p1052
p416,p1950
p565,p1436
p565,p1407
p313,p565
p313,p431
p506,p559
p567,p1297
p567,p702
p567,p1214
p569,p992
p569,p825
p569,p1830
p569,p1347
p279,p767
p571,p1174
p571,p1561
p571,p1080
p571,p1931
p351,p1646
p573,p1465
p573,p732
p12,p1249
p234,p1929
p575,p1767
p575,p1954
p575,p843
p576,p815
p576,p1206
p576,p960
p577,p651
p577,p1424
p577,p1991
p86,p577
p578,p1633
p578,p596
p578,p1765
p578,p1798
p579,p949
p579,p1177
p579,p1305
p579,p859
p580,p1806
p580,p707
p580,p1997
p580,p968
p581,p1689
p581,p1002
p581,p975
p581,p999
p582,p743
p582,p1743
p582,p1148
p582,p976
p583,p1012
p364,p583
p584,p1850
p276,p500
p276,p1669
p148,p1795
p148,p630
p148,p753
p586,p1444
p586,p922
p586,p1588
p586,p1368
p587,p1994
p587,p936
p587,p1940
p587,p1947
p588,p1943
p120,p1936
p589,p901
p590,p1953
p590,p950
p38,p590
p38,p704
p593,p1231
p25,p1838
p594,p816
p594,p1533
p594,p1327
p46,p547
p596,p1633
p596,p1765
p578,p966
p597,p781
p597,p1079
p597,p1122
p597,p864
p598,p1664
p598,p1071
p598,p1654
p327,p598
p599,p604
p60,p534
p600,p1723
p600,p765
p131,p600
p131,p1225
p601,p1089
p601,p1988
p601,p1729
p601,p605
p602,p1745
p421,p441
p603,p1637
p603,p839
p603,p1218
p169,p603
p534,p1048
p605,p1089
p605,p1988
p605,p1729
p129,p1327
p607,p1043
p221,p1238
p221,p357
p608,p1957
p608,p1556
p393,p1034
p609,p714
p105,p1808
p105,p153
p610,p1592
p610,p1613
p610,p1237
p610,p1714
p611,p1065
p611,p1352
p611,p928
p612,p1977
p612,p1696
p612,p1548
p541,p612
p613,p1691
p613,p1541
p532,p613
p532,p1907
p348,p1903
p348,p1505
p615,p964
p615,p1322
p615,p674
p615,p1094
p616,p1776
p616,p906
p616,p1902
p616,p1721
p617,p1314
p68,p517
p68,p1253
p68,p1964
p619,p1255
p619,p822
p619,p1245
p142,p619
p620,p1312
p620,p876
p620,p1189
p147,p620
p621,p1029
p621,p1720
p621,p993
p309,p621
p125,p234
p125,p754
p623,p1197
p623,p1369
p623,p1921
p623,p1558
p470,p958
p625,p1074
p235,p387
p626,p997
p4,p626
p4,p498
p627,p1774
p445,p447
p445,p672
p445,p1507
p629,p1153
p366,p629
p630,p753
p630,p1628
p630,p1795
p258,p630
p631,p1764
p631,p638
p119,p1136
p633,p1839
p633,p1924
p634,p1433
p77,p1856
p635,p1393
p635,p1876
p238,p635
p238,p526
p636,p817
p636,p1362
p636,p956
p636,p1020
p439,p1515
p631,p973
p639,p1962
p138,p647
p640,p1894
p640,p1516
p223,p640
p223,p1928
p641,p1389
p189,p785
p642,p1045
p642,p1406
p642,p904
p642,p1835
p142,p1580
p645,p891
p645,p1756
p646,p1696
p646,p1642
p646,p1506
p612,p646
p647,p1100
p191,p647
p191,p639
p13,p191
p648,p1598
p444,p1772
p444,p1599
p294,p1520
p294,p1367
p294,p1505
p650,p1341
p650,p1373
p650,p1923
p650,p1462
p652,p1730
p652,p1540
p652,p932
p652,p1992
p467,p653
p467,p1072
p654,p1040
p654,p1222
p654,p1296
p654,p751
p655,p907
p548,p1524
p656,p913
p385,p1091
p385,p790
p657,p1627
p657,p1731
p657,p1655
p657,p1277
p658,p1299
p658,p1491
p321,p483
p659,p802
p659,p1165
p659,p1512
p659,p1968
p660,p1396
p331,p1956
p215,p331
p514,p884
p662,p1287
p236,p449
p663,p1321
p220,p1461
p220,p800
p664,p1226
p664,p909
p664,p1724
p664,p1366
p665,p1233
p665,p1355
p175,p1935
p666,p1266
p666,p1318
p666,p1804
p666,p785
p667,p1823
p668,p1415
p668,p1934
p668,p1949
p669,p1611
p669,p1963
p669,p1834
p44,p669
p670,p1240
p106,p537
p671,p1128
p628,p672
p628,p1507
p673,p1127
p673,p1289
p673,p1609
p393,p673
p674,p905
p674,p1395
p615,p1528
p675,p984
p675,p777
p675,p730
p260,p389
p260,p415
p678,p1140
p678,p1514
p678,p861
p679,p1608
p548,p1338
p680,p1707
p680,p1747
p177,p680
p177,p965
p681,p1700
p386,p730
p134,p386
p682,p1751
p682,p924
p682,p1789
p682,p758
p683,p713
p684,p1699
p684,p1619
p684,p1488
p275,p684
p401,p1519
p401,p879
p272,p401
p686,p1198
p551,p1115
p411,p969
p688,p1137
p688,p930
p688,p1694
p25,p688
p689,p1506
p689,p1113
p689,p918
p689,p1023
p690,p1868
p690,p806
p184,p796
p691,p1615
p691,p1587
p691,p998
p691,p1890
p692,p940
p692,p715
p692,p1422
p692,p1570
p193,p1628
p695,p1291
p71,p1544
p71,p1157
p696,p1538
p696,p1711
p696,p1939
p696,p1404
p697,p1338
p679,p697
p453,p679
p453,p1608
p698,p1662
p698,p1385
p698,p1769
p698,p1871
p699,p1564
p156,p699
p156,p797
p554,p1346
p426,p554
p702,p1214
p567,p1872
p703,p725
p703,p1983
p703,p773
p703,p838
p87,p793
p490,p1206
p707,p968
p707,p1997
p580,p1672
p708,p1462
p708,p1373
p708,p1341
p650,p708
p709,p1315
p709,p1571
p709,p1136
p709,p933
p143,p1026
p143,p1721
p711,p1244
p711,p1367
p711,p1095
p711,p1665
p661,p712
p514,p1645
p714,p1808
p105,p1660
p715,p940
p715,p794
p692,p1629
p716,p1346
p716,p882
p130,p716
p130,p1976
p282,p991
p718,p914
p718,p954
p718,p1334
p719,p911
p719,p991
p719,p1215
p719,p1523
p611,p720
p611,p1190
p143,p847
p721,p1601
p350,p721
p350,p1414
p350,p501
p722,p1681
p392,p722
p392,p1951
p723,p1429
p723,p915
p334,p723
p79,p334
p159,p324
p159,p1262
p703,p1604
p726,p1688
p186,p1666
p727,p948
p227,p1515
p729,p756
p730,p777
p675,p1700
p675,p681
p472,p1209
p472,p1590
p732,p1465
p573,p1948
p301,p573
p733,p1561
p733,p1755
p733,p1931
p571,p733
p17,p1409
p736,p814
p62,p1818
p62,p929
p738,p1001
p738,p1329
p738,p1703
p738,p1258
p91,p195
p741,p1300
p741,p1738
p741,p1325
p10,p741
p742,p1916
p742,p1178
p582,p1039
p744,p1599
p672,p744
p672,p1668
p672,p1103
p745,p1433
p747,p1650
p747,p1935
p591,p747
p27,p1281
p138,p191
p139,p1188
p751,p1333
p751,p1296
p751,p1222
p751,p1040
p752,p1883
p0,p162
p291,p630
p291,p585
p291,p1628
p397,p1929
p397,p1623
p755,p1736
p729,p942
p107,p368
p107,p238
p758,p826
p758,p1751
p759,p850
p760,p1799
p760,p1998
p491,p549
p762,p1554
p762,p1068
p44,p762
p763,p934
p763,p1269
p763,p916
p345,p763
p764,p1374
p393,p764
p765,p1225
p766,p1056
p766,p1152
p330,p543
p570,p767
p279,p900
p768,p1959
p768,p1826
p768,p1082
p768,p1130
p179,p420
p32,p179
p770,p1046
p770,p1927
p770,p1098
p252,p770
p72,p1518
p497,p772
p497,p1458
p497,p1431
p773,p1293
p773,p1266
p773,p1318
p666,p773
p774,p1972
p774,p1453
p774,p1737
p536,p774
p173,p1475
p776,p958
p484,p624
p484,p952
p778,p1414
p778,p1601
p778,p1109
p778,p1421
p42,p1624
p597,p1438
p152,p1267
p783,p1138
p235,p567
p213,p235
p785,p1804
p287,p666
p287,p1266
p694,p786
p193,p1301
p298,p1038
p788,p1184
p267,p1196
p789,p996
p789,p880
p177,p1159
p790,p1091
p790,p1151
p790,p913
p790,p1313
p791,p1472
p552,p791
p280,p1887
p792,p807
p566,p792
p506,p566
p506,p1562
p92,p1695
p531,p715
p531,p940
p795,p1545
p795,p1791
p476,p795
p796,p1466
p796,p1470
p796,p1825
p690,p796
p523,p1004
p523,p699
p313,p1129
p799,p1173
p799,p1705
p799,p1610
p799,p1811
p800,p1321
p800,p1624
p800,p1469
p800,p1461
p801,p1715
p801,p1521
p801,p1473
p341,p801
p659,p1041
p803,p1740
p116,p318
p158,p1044
p805,p885
p805,p926
p806,p1868
p806,p1978
p690,p1870
p807,p1562
p807,p1112
p97,p792
p808,p947
p643,p808
p809,p1192
p457,p1578
p810,p1630
p811,p1882
p811,p1920
p811,p1653
p812,p1412
p812,p980
p812,p1593
p812,p1603
p813,p972
p107,p240
p0,p107
p332,p576
p594,p1838
p593,p594
p593,p1327
p818,p1960
p255,p388
p819,p1086
p819,p917
p211,p562
p820,p1425
p820,p1653
p820,p919
p820,p890
p821,p1793
p458,p821
p458,p1193
p822,p1255
p384,p619
p823,p850
p823,p1317
p42,p1288
p824,p1858
p824,p1035
p824,p1551
p105,p824
p825,p1830
p459,p1751
p827,p1595
p827,p1576
p827,p1349
p827,p1348
p85,p1121
p85,p1912
p829,p1509
p830,p1391
p14,p128
p14,p1856
p831,p1410
p831,p834
p831,p1841
p310,p831
p832,p1859
p103,p1495
p103,p1259
p833,p944
p833,p1487
p833,p1848
p220,p1538
p835,p1257
p835,p1777
p835,p1906
p835,p1059
p481,p1179
p133,p1158
p838,p1534
p838,p1482
p149,p838
p840,p1295
p840,p1881
p4,p997
p841,p1784
p841,p1938
p452,p786
p575,p1932
p575,p1895
p844,p1770
p844,p1663
p844,p939
p433,p844
p845,p1577
p845,p1790
p20,p912
p846,p1621
p846,p1164
p846,p987
p846,p1051
p847,p1352
p611,p847
p849,p1493
p849,p1286
p849,p1326
p759,p823
p759,p1427
p42,p759
p852,p1437
p853,p857
p347,p853
p347,p1752
p854,p1862
p57,p854
p57,p741
p57,p1060
p855,p1605
p855,p1246
p34,p1032
p114,p132
p114,p1235
p23,p579
p23,p949
p860,p1093
p592,p860
p592,p1308
p592,p1171
p862,p1652
p862,p1844
p862,p1336
p862,p1408
p863,p1303
p863,p864
p863,p1438
p863,p1122
p864,p1438
p781,p863
p781,p1122
p251,p865
p222,p251
p222,p247
p222,p1579
p867,p1909
p461,p867
p461,p923
p461,p1191
p868,p1589
p868,p1428
p868,p1747
p868,p1803
p869,p1634
p173,p384
p870,p1644
p222,p1325
p871,p1537
p871,p1555
p347,p1558
p872,p1746
p376,p1017
p376,p894
p873,p1247
p253,p362
p253,p1307
p874,p1378
p387,p1606
p875,p1884
p875,p1021
p875,p1339
p876,p1897
p876,p1704
p876,p1698
p69,p429
p878,p1553
p878,p1834
p878,p1380
p879,p1519
p880,p1159
p880,p1718
p881,p1449
p881,p1787
p881,p1802
p881,p1860
p883,p1405
p111,p196
p884,p1645
p712,p884
p521,p661
p805,p988
p886,p1009
p886,p1915
p886,p1941
p887,p1888
p887,p1092
p378,p1356
p888,p1893
p888,p1229
p888,p1201
p888,p1687
p889,p1481
p386,p530
p890,p919
p891,p1756
p645,p1075
p645,p1264
p892,p1501
p892,p1990
p892,p959
p894,p1084
p894,p1746
p99,p894
p99,p1762
p895,p1302
p896,p1154
p896,p1746
p897,p953
p897,p1132
p126,p897
p1,p126
p898,p1979
p898,p1613
p898,p1186
p610,p898
p77,p1847
p140,p1492
p902,p1907
p902,p1968
p902,p1607
p902,p1525
p903,p1379
p903,p1805
p904,p1835
p904,p1406
p904,p1450
p904,p1384
p198,p674
p906,p1902
p616,p929
p908,p1195
p403,p511
p909,p1226
p654,p664
p912,p1364
p912,p1577
p912,p1249
p912,p1865
p913,p1091
p656,p790
p914,p954
p915,p1429
p438,p723
p307,p763
p469,p562
p918,p1113
p375,p1642
p890,p1999
p920,p1349
p920,p1817
p920,p1485
p920,p961
p921,p1072
p921,p1805
p922,p1444
p586,p1502
p586,p1594
p271,p421
p682,p879
p682,p1519
p925,p1067
p925,p1242
p925,p1982
p481,p925
p502,p1765
p231,p927
p928,p1352
p51,p611
p51,p1065
p929,p1818
p737,p929
p737,p906
p479,p737
p930,p1137
p688,p1374
p931,p1452
p931,p1585
p210,p931
p932,p1540
p932,p1335
p933,p1315
p933,p1136
p345,p916
p935,p1292
p74,p1828
p74,p1984
p936,p957
p587,p1324
p587,p1430
p29,p100
p938,p1490
p938,p1181
p938,p1591
p938,p1809
p939,p1484
p412,p1663
p692,p794
p941,p1073
p941,p1443
p941,p1626
p756,p942
p525,p1744
p943,p1359
p157,p943
p428,p1487
p428,p1342
p329,p1638
p106,p329
p106,p1368
p579,p1891
p950,p1340
p274,p590
p357,p937
p952,p1827
p952,p1387
p952,p1842
p952,p958
p546,p1971
p955,p1143
p424,p512
p636,p1765
p636,p966
p355,p936
p355,p692
p355,p1324
p624,p776
p624,p952
p960,p1206
p960,p1892
p960,p1581
p960,p1077
p961,p1349
p521,p1595
p962,p1208
p240,p1844
p240,p487
p3,p1094
p965,p1358
p335,p965
p966,p1765
p32,p956
p32,p596
p967,p1476
p967,p1529
p967,p1518
p72,p967
p707,p1672
p150,p687
p24,p1549
p24,p1053
p971,p1753
p971,p1442
p638,p973
p372,p631
p372,p1764
p975,p1002
p975,p999
p157,p975
p976,p1166
p976,p1061
p976,p1101
p976,p1851
p474,p1566
p978,p1590
p978,p1161
p978,p1489
p978,p1543
p979,p1763
p979,p1183
p979,p1596
p516,p979
p812,p1986
p981,p1758
p402,p1779
p591,p982
p536,p1650
p536,p1935
p172,p702
p165,p777
p985,p1955
p30,p499
p986,p1478
p987,p1000
p292,p846
p595,p988
p547,p885
p989,p1761
p989,p1783
p990,p1290
p728,p990
p227,p461
p717,p719
p717,p1209
p993,p1375
p993,p1029
p994,p1932
p994,p1205
p994,p1895
p995,p1016
p177,p880
p997,p1881
p998,p1890
p998,p1284
p998,p1587
p998,p1615
p292,p1664
p1001,p1703
p738,p1683
p975,p1689
p581,p1708
p169,p1004
p169,p797
p546,p1874
p546,p1390
p1006,p1254
p484,p1006
p199,p484
p199,p776
p1007,p1960
p388,p1007
p408,p886
p408,p1915
p1010,p1905
p1010,p1926
p572,p1011
p532,p572
p532,p1646
p351,p532
p289,p583
p289,p364
p1013,p1659
p627,p1013
p293,p1279
p293,p1313
p1015,p1726
p1015,p1980
p927,p1015
p927,p1144
p1017,p1124
p1017,p1762
p1017,p1084
p872,p1017
p189,p1102
p189,p1440
p1020,p1362
p1020,p1464
p1021,p1884
p172,p263
p172,p1877
p1024,p1216
p1024,p1455
p1025,p1522
p1025,p1173
p1025,p1986
p799,p1025
p1026,p1721
p1026,p1776
p1026,p1902
p710,p1026
p1027,p1643
p1027,p1880
p1027,p1632
p804,p1027
p338,p1435
p1029,p1375
p338,p993
p1030,p1204
p1030,p1749
p46,p595
p1031,p1468
p542,p1337
p1032,p1970
p134,p1468
p1033,p1103
p1033,p1676
p1033,p1800
p1033,p1507
p1034,p1556
p608,p1034
p1035,p1453
p536,p1035
p536,p1972
p45,p1094
p45,p1322
p355,p1666
p355,p1145
p383,p528
p975,p1042
p975,p1708
p975,p1565
p607,p1238
p357,p607
p1044,p1875
p804,p1044
p158,p314
p493,p642
p436,p1196
p1048,p1785
p604,p1048
p60,p604
p60,p1684
p1049,p1235
p1049,p1351
p1049,p1426
p1050,p1840
p1051,p1298
p1051,p1621
p846,p1456
p1052,p1950
p564,p1879
p1053,p1686
p1053,p1549
p1053,p1678
p970,p1053
p139,p291
p155,p1319
p88,p1208
p543,p653
p102,p260
p1058,p1242
p1058,p1982
p1059,p1906
p899,p1059
p899,p1257
p899,p1339
p1060,p1965
p1060,p1701
p1060,p1908
p1061,p1166
p1061,p1851
p413,p976
p6,p1860
p6,p1802
p407,p480
p174,p1787
p143,p928
p143,p1352
p202,p1750
p1068,p1554
p1068,p1447
p268,p762
p1069,p1111
p1069,p1071
p1069,p1712
p1069,p1779
p1070,p1213
p1070,p1548
p541,p1070
p541,p1736
p598,p1069
p598,p1813
p387,p874
p1075,p1756
p891,p1075
p361,p891
p1076,p1832
p1076,p1975
p1076,p1376
p1076,p1971
p1077,p1581
p960,p1659
p60,p1283
p60,p1824
p60,p539
p555,p597
p555,p781
p1080,p1931
p1080,p1285
p1082,p1959
p1082,p1638
p1061,p1082
p318,p453
p318,p1701
p1084,p1762
p894,p1017
p1085,p1464
p1085,p1563
p819,p1403
p463,p819
p1087,p1535
p391,p1087
p391,p1672
p1008,p1088
p91,p1008
p17,p91
p1090,p1656
p186,p381
p1092,p1356
p1092,p1888
p887,p1273
p592,p1093
p1094,p1322
p1094,p1402
p615,p1036
p1095,p1367
p269,p1505
p408,p1890
p100,p1606
p1098,p1927
p1099,p1652
p397,p1336
p191,p1665
p191,p1647
p976,p1743
p1102,p1440
p1102,p1726
p1102,p1144
p672,p1033
p485,p1801
p217,p485
p1105,p1177
p1105,p1913
p398,p1105
p398,p1873
p214,p1609
p214,p673
p1107,p1285
p1108,p1347
p1108,p1750
p1108,p1830
p992,p1108
p825,p1109
p569,p1782
p1110,p1205
p994,p1110
p304,p994
p1111,p1779
p1069,p1849
p1112,p1251
p1112,p1365
p219,p807
p918,p1642
p375,p1506
p1114,p1735
p1114,p1308
p1114,p1371
p1114,p1694
p285,p312
p1117,p1562
p1117,p1670
p1117,p1365
p1117,p1251
p170,p1118
p170,p1239
p1119,p1771
p418,p1019
p1120,p1280
p1120,p1713
p277,p441
p1121,p1912
p1121,p1454
p267,p1632
p1079,p1122
p910,p1079
p863,p910
p1123,p1649
p1123,p1397
p1017,p1148
p199,p1017
p199,p872
p163,p1760
p89,p229
p89,p117
p1128,p1714
p400,p1613
p1129,p1486
p318,p1866
p1130,p1727
p1130,p1133
p1130,p1368
p1131,p1158
p1131,p1307
p837,p1131
p251,p837
p1,p897
p1,p257
p1,p953
p1133,p1727
p1130,p1588
p746,p1134
p746,p1592
p471,p1237
p1135,p1480
p1135,p1149
p1135,p1790
p119,p1135
p1136,p1315
p709,p1764
p567,p783
p235,p1724
p557,p1306
p126,p1662
p826,p1142
p459,p1316
p955,p1680
p424,p1003
p231,p1144
p231,p1015
p1145,p1666
p1145,p1170
p1146,p1370
p55,p346
p1147,p1345
p1147,p1945
p1147,p1817
p920,p1147
p1149,p1480
p303,p1967
p296,p1530
p1091,p1151
p330,p766
p181,p404
p894,p896
p894,p1668
p1156,p1429
p466,p1156
p466,p723
p1157,p1573
p1157,p1833
p1157,p1544
p1157,p1421
p837,p1307
p789,p1925
p1160,p1617
p1161,p1543
p1161,p1928
p1161,p1489
p514,p974
p514,p1544
p1163,p1911
p137,p228
p137,p1503
p383,p659
p383,p802
p1167,p1386
p1167,p1695
p1152,p1167
p140,p1152
p1168,p1221
p1169,p1634
p173,p869
p208,p1145
p208,p1666
p419,p1093
p1172,p1411
p434,p1361
p571,p1755
p1175,p1278
p133,p352
p125,p133
p1176,p1616
p1176,p1182
p1176,p1379
p903,p1176
p579,p1105
p579,p1913
p742,p1794
p342,p1218
p1179,p1947
p836,p1179
p836,p1994
p836,p925
p310,p1180
p310,p510
p310,p1243
p310,p395
p1181,p1591
p1181,p1490
p1181,p1361
p1182,p1434
p65,p1176
p516,p1763
p516,p1739
p1185,p1772
p340,p445
p340,p648
p1186,p1979
p898,p1592
p27,p281
p154,p1054
p1189,p1410
p1189,p1841
p720,p1190
p720,p1846
p720,p847
p706,p720
p1191,p1568
p1191,p1909
p867,p1191
p267,p867
p1193,p1781
p1193,p1766
p458,p1655
p1194,p1875
p403,p1861
p788,p1196
p788,p1047
p436,p788
p1197,p1558
p1197,p1369
p1197,p1921
p347,p1197
p1003,p1199
p255,p424
p1200,p1419
p1200,p1225
p1200,p1328
p558,p1200
p1201,p1976
p380,p1717
p1203,p1720
p309,p1203
p309,p1985
p309,p1304
p46,p691
p46,p1615
p576,p706
p112,p1735
p155,p240
p717,p991
p717,p1590
p717,p731
p1210,p1789
p1210,p1388
p1210,p1260
p1211,p1479
p1211,p1826
p1133,p1211
p1212,p1498
p1212,p1337
p1212,p1511
p478,p1212
p1070,p1736
p49,p1070
p1214,p1297
p702,p1250
p911,p1215
p411,p911
p411,p719
p411,p1523
p1024,p1966
p33,p1024
p1217,p1795
p258,p1217
p1218,p1794
p1218,p1637
p603,p749
p1219,p1227
p1219,p1364
p1219,p1865
p912,p1219
p1220,p1914
p1220,p1614
p101,p689
p1168,p1667
p1222,p1296
p1040,p1222
p1224,p1698
p316,p1312
p765,p1200
p465,p1219
p465,p1263
p1041,p1228
p1041,p1525
p802,p1041
p802,p1541
p888,p1976
p374,p1230
p374,p1978
p374,p806
p374,p1870
p492,p526
p492,p752
p492,p1648
p144,p1234
p70,p205
p1235,p1426
p132,p1049
p1236,p1656
p1090,p1236
p186,p370
p1237,p1441
p1237,p1714
p400,p1237
p400,p610
p472,p1118
p337,p1594
p298,p1570
p1242,p1982
p1067,p1242
p481,p1058
p146,p510
p21,p619
p253,p1438
p1248,p1434
p498,p563
p20,p301
p20,p1465
p1250,p1872
p1214,p1250
p702,p1297
p1251,p1365
p1112,p1670
p1112,p1117
p190,p1533
p190,p618
p190,p1382
p419,p1995
p1259,p1859
p1259,p1495
p832,p1259
p832,p1330
p1260,p1388
p29,p951
p73,p173
p159,p1499
p26,p324
p1263,p1958
p1263,p1567
p1263,p1702
p1227,p1263
p284,p891
p1265,p1575
p784,p1265
p666,p1293
p118,p302
p1268,p1335
p227,p932
p227,p1540
p934,p1269
p1270,p1483
p1271,p1877
p263,p1271
p233,p263
p1272,p1398
p1272,p1801
p141,p1478
p1273,p1356
p1092,p1273
p1092,p1956
p1274,p1377
p179,p1274
p19,p769
p1275,p1379
p467,p1275
p467,p1513
p509,p1802
p509,p1860
p509,p1643
p1277,p1583
p1277,p1840
p1050,p1277
p1050,p1319
p61,p1014
p61,p710
p277,p1822
p748,p1281
p545,p748
p27,p545
p1282,p1360
p1282,p1825
p1282,p1470
p796,p1282
p1283,p1824
p396,p1283
p396,p1510
p396,p1078
p998,p1096
p408,p998
p1285,p1931
p1080,p1107
p1286,p1326
p1288,p1317
p1288,p1741
p1288,p1427
p823,p1288
p1289,p1609
p393,p1106
p227,p1335
p71,p1005
p1292,p1330
p1292,p1757
p773,p1804
p1294,p1839
p1295,p1881
p213,p702
p1051,p1423
p37,p1051
p1300,p1325
p1300,p1738
p842,p1301
p786,p842
p452,p1806
p895,p1852
p221,p1250
p507,p864
p1304,p1517
p1304,p1985
p1304,p1332
p1203,p1304
p1305,p1891
p949,p1305
p409,p579
p279,p284
p362,p1131
p1207,p1308
p1207,p1735
p860,p1207
p112,p860
p1310,p1674
p29,p325
p780,p1311
p414,p1624
p414,p1461
p1224,p1312
p620,p1224
p620,p1698
p1151,p1313
p617,p1058
p477,p1142
p477,p1043
p823,p1741
p823,p1427
p663,p800
p663,p1624
p1081,p1323
p43,p1360
p43,p1282
p1324,p1430
p1067,p1324
p109,p925
p353,p816
p1328,p1514
p1140,p1328
p207,p738
p470,p1292
p470,p1259
p1332,p1517
p1286,p1304
p932,p1268
p1336,p1623
p1336,p1929
p1336,p1652
p1337,p1498
p1031,p1212
p1031,p1511
p1338,p1608
p1338,p1565
p679,p1338
p679,p1708
p1339,p1884
p58,p875
p381,p950
p381,p1753
p381,p971
p1341,p1373
p1342,p1946
p1342,p1586
p90,p1342
p90,p428
p1344,p1675
p1344,p1710
p1344,p1831
p1344,p1527
p1345,p1945
p82,p1147
p82,p1817
p1062,p1346
p716,p1062
p700,p716
p992,p1383
p825,p992
p1348,p1576
p1348,p1381
p550,p1595
p521,p920
p847,p928
p1353,p1647
p1050,p1353
p1354,p1673
p1354,p1497
p343,p1354
p18,p343
p36,p665
p36,p175
p36,p1233
p1092,p1821
p442,p550
p442,p1522
p442,p1986
p965,p1791
p535,p965
p16,p943
p1282,p1323
p1361,p1591
p502,p636
p1363,p1940
p1363,p1413
p1363,p1629
p1363,p1939
p1364,p1865
p1251,p1670
p172,p1366
p172,p1160
p1368,p1588
p329,p586
p329,p1133
p1369,p1558
p93,p1197
p1146,p1993
p1327,p1371
p1114,p1327
p945,p1114
p945,p1735
p1372,p1559
p1372,p1417
p367,p496
p764,p1034
p1376,p1885
p1376,p1792
p19,p660
p1380,p1553
p1381,p1576
p550,p827
p190,p724
p299,p992
p299,p1347
p1384,p1450
p1384,p1755
p904,p1174
p1385,p1662
p126,p698
p140,p1167
p140,p1695
p1387,p1827
p439,p952
p1390,p1874
p519,p1005
p14,p830
p1392,p1863
p1392,p1748
p1392,p1669
p1393,p1876
p162,p238
p162,p635
p1395,p1528
p905,p1395
p660,p1956
p660,p1600
p1123,p1547
p1272,p1478
p1272,p1944
p986,p1272
p86,p1616
p86,p921
p86,p1072
p204,p1823
p1401,p1922
p1401,p1905
p1401,p1926
p1322,p1402
p463,p1086
p463,p1677
p403,p696
p1405,p1490
p938,p1405
p642,p1384
p431,p565
p431,p1493
p435,p1409
p123,p735
p1410,p1841
p831,p1189
p831,p1413
p434,p1744
p434,p513
p1413,p1939
p1363,p1538
p1363,p1410
p1414,p1601
p350,p778
p18,p668
p1416,p1941
p1416,p1516
p1416,p1476
p967,p1416
p1013,p1372
p1013,p1559
p408,p449
p64,p1328
p1420,p1854
p241,p278
p1241,p1422
p1241,p1570
p298,p355
p37,p839
p820,p1999
p1427,p1741
p1428,p1803
p1428,p1596
p1428,p1925
p334,p1156
p1431,p1814
p380,p1458
p1432,p1750
p305,p1108
p634,p745
p309,p1028
p309,p338
p309,p1029
p852,p1582
p864,p1542
p39,p499
p308,p400
p128,p1942
p128,p971
p1443,p1626
p404,p586
p265,p404
p1172,p1445
p1446,p1812
p1446,p1532
p437,p1447
p437,p693
p268,p1068
p1448,p1557
p488,p1448
p377,p435
p203,p881
p904,p1755
p1451,p1625
p540,p1475
p1452,p1585
p931,p1451
p1121,p1184
p1455,p1966
p1216,p1455
p1216,p1739
p327,p1051
p1457,p1474
p166,p523
p1458,p1722
p296,p1458
p296,p1431
p296,p1814
p19,p1396
p1460,p1494
p28,p1953
p1461,p1624
p1321,p1461
p708,p1752
p83,p491
p83,p1799
p83,p268
p1085,p1580
p256,p1085
p1466,p1470
p796,p1868
p100,p325
p100,p1674
p1468,p1922
p1031,p1970
p1031,p1032
p1470,p1825
p791,p1887
p505,p791
p1473,p1715
p286,p775
p72,p1416
p495,p934
p237,p345
p986,p1398
p986,p1944
p1211,p1727
p119,p1149
p1482,p1604
p544,p838
p544,p1534
p205,p1270
p86,p1236
p1129,p1866
p798,p1129
p318,p798
p1487,p1848
p237,p833
p1488,p1619
p1488,p1699
p153,p684
p1489,p1928
p1489,p1543
p640,p1161
p938,p1361
p1299,p1491
p483,p1019
p1492,p1964
p462,p1492
p462,p901
p1460,p1896
p473,p1460
p1495,p1859
p832,p1495
p376,p832
p321,p548
p1223,p1354
p1223,p1648
p26,p1742
p1500,p1618
p785,p1500
p785,p1318
p959,p1501
p959,p1990
p245,p892
p1502,p1594
p1502,p1545
p1240,p1502
p795,p1240
p1503,p1584
p123,p196
p1504,p1734
p1504,p1560
p89,p1504
p1505,p1903
p1095,p1505
p614,p1095
p294,p614
p1506,p1642
p447,p1676
p363,p1780
p363,p858
p1509,p1567
p18,p1824
p1097,p1212
p1097,p1337
p1512,p1526
p1512,p1532
p45,p1446
p1513,p1636
p1275,p1513
p356,p1275
p356,p1379
p1140,p1514
p678,p1328
p271,p637
p1516,p1894
p223,p1941
p1304,p1780
p1518,p1529
p418,p967
p418,p1778
p649,p1520
p649,p711
p649,p1244
p1521,p1686
p1521,p1678
p801,p1053
p1522,p1986
p1025,p1357
p980,p1025
p1215,p1523
p907,p1524
p655,p858
p655,p1780
p1525,p1541
p1525,p1907
p613,p1525
p613,p1228
p1527,p1725
p1527,p1710
p701,p1527
p528,p1395
p405,p967
p405,p1476
p1530,p1551
p1150,p1530
p1150,p1967
p1150,p1717
p110,p518
p110,p200
p1446,p1512
p1446,p1526
p1253,p1533
p594,p1253
p149,p1692
p1087,p1672
p1223,p1536
p171,p1497
p1538,p1939
p1413,p1538
p696,p1413
p696,p1410
p15,p466
p652,p1335
p361,p652
p613,p1907
p613,p1775
p1438,p1542
p1247,p1438
p507,p1247
p253,p507
p1543,p1928
p795,p1502
p795,p1594
p503,p1397
p389,p1053
p389,p1686
p1530,p1858
p793,p1552
p705,p793
p705,p1695
p92,p705
p762,p1447
p1537,p1555
p871,p1558
p871,p1369
p406,p608
p1369,p1555
p306,p1417
p64,p1504
p64,p89
p64,p1734
p1561,p1755
p1174,p1561
p807,p1117
p807,p1732
p259,p523
p1565,p1708
p1002,p1338
p1002,p1689
p520,p1754
p1509,p1958
p334,p1263
p267,p1191
p48,p661
p48,p514
p48,p884
p80,p1422
p80,p1241
p12,p1136
p729,p1572
p525,p991
p1573,p1833
p75,p456
p809,p1578
p273,p1192
p273,p1734
p230,p247
p230,p251
p256,p1464
p256,p1563
p1437,p1582
p1583,p1840
p196,p488
p931,p1625
p1586,p1946
p321,p1342
p1587,p1890
p1587,p1615
p401,p1368
p401,p586
p401,p1133
p868,p1596
p978,p1209
p731,p978
p731,p1161
p610,p1186
p54,p812
p54,p1986
p344,p827
p344,p1348
p1596,p1763
p979,p1428
p93,p678
p187,p444
p187,p1772
p744,p1668
p672,p1772
p1600,p1956
p1396,p1600
p1273,p1396
p1273,p1888
p22,p495
p22,p1477
p1412,p1603
p812,p1685
p544,p725
p218,p874
p1607,p1968
p94,p1607
p94,p802
p548,p1689
p393,p1289
p1610,p1705
p1610,p1871
p610,p1128
p101,p1023
p903,p1616
p903,p1399
p1160,p1877
p641,p1500
p641,p1646
p641,p785
p1619,p1699
p846,p1298
p1623,p1929
p574,p1336
p574,p754
p1627,p1731
p1627,p1655
p657,p1766
p258,p694
p1629,p1940
p810,p1933
p1632,p1912
p1632,p1643
p1121,p1632
p1027,p1121
p869,p1169
p839,p1637
p106,p1638
p106,p946
p106,p1082
p13,p757
p1420,p1640
p1420,p1801
p1398,p1420
p1398,p1854
p1113,p1506
p1027,p1276
p1027,p1802
p133,p438
p185,p712
p1318,p1646
p1318,p1500
p1318,p1667
p1011,p1318
p269,p1050
p88,p269
p1497,p1648
p635,p1497
p635,p1232
p526,p635
p1649,p1677
p211,p503
p372,p708
p862,p1099
p820,p1882
p811,p820
p1654,p1664
p327,p987
p1655,p1731
p1655,p1766
p1193,p1627
p554,p1361
p554,p1172
p232,p1658
p6,p1417
p166,p1808
p193,p497
p327,p1000
p1100,p1665
p269,p1100
p269,p1367
p269,p1244
p365,p726
p254,p532
p1599,p1668
p744,p1154
p744,p896
p1669,p1863
p913,p1392
p1365,p1670
p1631,p1671
p1535,p1672
p1535,p1997
p968,p1087
p18,p1354
p1507,p1676
p135,p1103
p394,p1649
p1678,p1686
p761,p1053
p761,p1521
p857,p1679
p1003,p1680
p40,p1143
p1681,p1951
p392,p1681
p1635,p1682
p1258,p1683
p738,p1045
p161,p1684
p161,p604
p161,p534
p161,p1048
p1603,p1685
p266,p1603
p266,p1412
p1053,p1521
p1394,p1687
p186,p617
p581,p1608
p1690,p1973
p61,p500
p61,p1850
p613,p1832
p613,p1076
p1692,p1706
p1620,p1692
p454,p1534
p1693,p1943
p665,p1693
p120,p665
p120,p747
p419,p1114
p419,p688
p419,p860
p1167,p1552
p793,p1167
p612,p1642
p1224,p1697
p1224,p1963
p1224,p1849
p316,p876
p386,p777
p1060,p1083
p318,p1060
p1546,p1702
p494,p1263
p1001,p1846
p1001,p1329
p799,p1871
p1620,p1706
p680,p965
p181,p680
p181,p1358
p1002,p1565
p1709,p1797
p356,p1853
p1344,p1725
p239,p1344
p531,p696
p1712,p1779
p1111,p1712
p1069,p1758
p341,p1521
p1202,p1717
p1202,p1530
p391,p1967
p1612,p1719
p621,p1203
p309,p1239
p1230,p1724
p1138,p1230
p909,p1138
p235,p909
p1015,p1102
p1015,p1144
p98,p1845
p1729,p1988
p1729,p1981
p652,p900
p225,p652
p1562,p1732
p792,p1117
p1733,p1841
p395,p831
p1504,p1578
p1126,p1504
p1114,p1754
p1114,p1207
p49,p1213
p1325,p1738
p50,p1288
p92,p1499
p92,p159
p942,p1744
p942,p1411
p434,p942
p434,p756
p421,p1713
p376,p896
p595,p1749
p595,p1030
p1108,p1432
p299,p1108
p853,p1752
p853,p1341
p853,p1373
p950,p971
p950,p1942
p945,p1754
p129,p1566
p1384,p1561
p1174,p1384
p361,p645
p470,p1330
p111,p228
p252,p500
p280,p1783
p894,p1966
p979,p1925
p596,p956
p596,p966
p1731,p1766
p1193,p1655
p632,p1768
p1769,p1989
p698,p1412
p1,p698
p512,p844
p326,p898
p445,p1772
p445,p1185
p445,p648
p1041,p1773
p198,p383
p1221,p1775
p1721,p1776
p616,p1026
p1257,p1777
p787,p835
p1111,p1758
p1781,p1924
p633,p1781
p280,p1800
p60,p492
p1786,p1813
p314,p881
p314,p1044
p1751,p1789
p682,p1210
p20,p1135
p795,p1358
p535,p795
p535,p1545
p1792,p1885
p323,p1376
p323,p1975
p821,p1766
p821,p1193
p1178,p1218
p749,p1178
p558,p1796
p64,p1597
p1709,p1853
p626,p1709
p356,p626
p174,p1064
p174,p578
p98,p760
p98,p1998
p317,p1033
p317,p1783
p317,p1103
p278,p1272
p1802,p1860
p1276,p1802
p1276,p1449
p203,p1276
p1428,p1763
p1266,p1804
p580,p1301
p580,p842
p452,p580
p288,p326
p288,p512
p288,p955
p714,p1660
p153,p609
p554,p938
p554,p1181
p542,p1450
p542,p1384
p1173,p1811
p367,p799
p367,p1705
p528,p1532
p1071,p1786
p448,p1071
p448,p598
p270,p1303
p270,p863
p116,p360
p1147,p1485
p522,p920
p737,p1281
p1194,p1819
p182,p1194
p182,p1823
p139,p292
p139,p987
p24,p1356
p24,p1092
p440,p1120
p553,p667
p553,p1194
p553,p1819
p1479,p1826
p768,p1479
p768,p1727
p1828,p1842
p470,p935
p154,p456
p73,p1344
p1076,p1691
p1836,p1991
p1314,p1836
p508,p1314
p508,p1058
p282,p564
p816,p1838
p593,p816
p633,p1294
p458,p1924
p1050,p1583
p1189,p1733
p470,p952
p487,p862
p102,p1728
p102,p414
p706,p1846
p490,p1703
p490,p1190
p899,p1847
p208,p634
p237,p450
p584,p1973
p584,p1669
p221,p1302
p218,p221
p1797,p1853
p626,p1797
p241,p1640
p37,p178
p37,p1244
p1433,p1856
p128,p634
p219,p1857
p219,p1112
p219,p1251
p219,p1919
p824,p1530
p824,p1150
p203,p1802
p203,p1449
p741,p854
p741,p851
p1392,p1850
p1864,p1999
p919,p1864
p1816,p1866
p116,p1816
p116,p1486
p116,p1129
p80,p1531
p690,p1978
p456,p1869
p456,p1829
p95,p1016
p1870,p1889
p1870,p1978
p451,p806
p698,p1610
p698,p799
p1873,p1913
p22,p1793
p519,p546
p1044,p1194
p425,p1959
p425,p1082
p425,p1101
p1879,p1950
p1052,p1879
p1052,p1115
p162,p752
p107,p526
p288,p1472
p887,p1356
p451,p1978
p409,p1305
p409,p949
p378,p409
p490,p960
p473,p977
p66,p165
p66,p1320
p66,p1713
p69,p1918
p69,p877
p303,p1900
p105,p303
p1901,p1919
p1365,p1901
p1776,p1902
p906,p1721
p906,p1026
p614,p1505
p83,p614
p1059,p1257
p835,p875
p902,p1541
p613,p902
p867,p1568
p168,p537
p168,p1851
p515,p886
p515,p1941
p1899,p1918
p69,p1069
p1493,p1901
p1882,p1920
p127,p1653
p1197,p1679
p1401,p1468
p382,p1401
p650,p1328
p1763,p1925
p1763,p1803
p252,p1046
p754,p1336
p1630,p1933
p180,p810
p180,p224
p1650,p1935
p1233,p1650
p747,p1233
p665,p747
p1936,p1972
p588,p1936
p588,p774
p65,p328
p65,p417
p587,p1363
p1416,p1915
p886,p1416
p1442,p1942
p1442,p1753
p120,p1693
p99,p141
p428,p1586
p428,p658
p1947,p1994
p147,p1179
p147,p836
p1948,p1990
p245,p1948
p245,p732
p36,p1415
p287,p564
p46,p304
p110,p1649
p38,p1494
p660,p1273
p1263,p1509
p768,p1878
p669,p1697
p115,p517
p1908,p1965
p33,p1455
p33,p1762
p296,p1150
p802,p1968
p802,p1607
p659,p1525
p41,p161
p1971,p1975
p323,p1076
p323,p954
p209,p774
p1690,p1850
p1037,p1974
p362,p397
p362,p754
p1076,p1885
p541,p1696
p806,p1870
p806,p1889
p1635,p1980
p319,p1015
p1252,p1729
p469,p935
p74,p469
p1286,p1517
p1522,p1593
p980,p1522
p980,p1357
p127,p485
p1,p1769
p145,p1730
p446,p1370
p446,p1146
p55,p446
p587,p1179
p587,p925
p968,p1997
p919,p1999
