p1640,l0
p1428,l1
p716,l2
p800,l3
p388,l4
p976,l5
p846,l6
p1886,l7
p89,l8
p1002,l9
p1713,l10
p1002,l11
p1190,l12
p828,l13
p1930,l14
p1837,l15
p44,l16
p1419,l17
p720,l18
p556,l19
p305,l20
p919,l21
p987,l22
p108,l23
p1569,l24
p607,l25
p1200,l26
p390,l27
p378,l28
p1857,l29
p1153,l30
p1064,l31
p1557,l32
p505,l33
p1870,l34
p288,l35
p1332,l36
p917,l37
p742,l38
p1603,l39
p1647,l40
p46,l41
p1510,l42
p747,l43
p1438,l44
p1471,l45
p53,l46
p1287,l47
p1637,l48
p1012,l49
p1629,l50
p283,l51
p1519,l52
p464,l53
p1054,l54
p886,l55
p1492,l56
p391,l57
p167,l58
p1710,l59
p1866,l60
p806,l61
p302,l62
p772,l63
p1650,l64
p1725,l65
p12,l66
p856,l67
p1787,l68
p113,l69
p1407,l70
p580,l71
p772,l72
p379,l73
p1099,l74
p32,l75
p861,l76
p689,l77
p947,l78
p871,l79
p269,l80
p1120,l81
p958,l82
p706,l83
p1482,l84
p1895,l85
p1841,l86
p641,l87
p1936,l88
p397,l89
p1384,l90
p1735,l91
p690,l92
p136,l93
p989,l94
p1351,l95
p1073,l96
p369,l97
p1636,l98
p763,l99
p1212,l100
p1228,l101
p909,l102
p1143,l103
p1980,l104
p210,l105
p957,l106
p1218,l107
p99,l108
p1060,l109
p1410,l110
p1737,l111
p1347,l112
p94,l113
p1462,l114
p232,l115
p1624,l116
p1577,l117
p401,l118
p1580,l119
p1363,l120
p1670,l121
p1806,l122
p715,l123
p1224,l124
p1297,l125
p65,l126
p748,l127
p1190,l128
p1511,l129
p1118,l130
p205,l131
p1226,l132
p227,l133
p692,l134
p445,l135
p1114,l136
p783,l137
p534,l138
p45,l139
p466,l140
p1677,l141
p527,l142
p615,l143
p332,l144
p1509,l145
p343,l146
p1892,l147
p205,l148
p777,l149
p1135,l150
p453,l151
p269,l152
p1455,l153
p1728,l154
p457,l155
p1157,l156
p202,l157
p1111,l158
p55,l159
p1379,l160
p697,l161
p260,l162
p619,l163
p1194,l164
p201,l165
p245,l166
p486,l167
p963,l168
p56,l169
p212,l170
p1140,l171
p911,l172
p1286,l173
p1910,l174
p891,l175
p231,l176
p1802,l177
p933,l178
p32,l179
p1172,l180
p752,l181
p1766,l182
p772,l183
p133,l184
p377,l185
p1216,l186
p1743,l187
p1322,l188
p1993,l189
p1047,l190
p283,l191
p630,l192
p1609,l193
p1455,l194
p335,l195
p1562,l196
p155,l197
p1145,l198
p346,l199
p22,l200
p718,l201
p74,l202
p948,l203
p1511,l204
p1820,l205
p94,l206
p1105,l207
p731,l208
p831,l209
p1580,l210
p881,l211
p362,l212
p1898,l213
p176,l214
p1167,l215
p1071,l216
p666,l217
p1301,l218
p1868,l219
p1741,l220
p1185,l221
p739,l222
p1445,l223
p1318,l224
p771,l225
p866,l226
p1842,l227
p1248,l228
p35,l229
p1781,l230
p1819,l231
p1812,l232
p160,l233
p376,l234
p299,l235
p1354,l236
p1369,l237
p177,l238
p282,l239
p610,l240
p914,l241
p1361,l242
p1810,l243
p1667,l244
p1938,l245
p1744,l246
p773,l247
p440,l248
p1099,l249
p491,l250
p1605,l251
p1051,l252
p272,l253
p1611,l254
p1636,l255
p1208,l256
p364,l257
p884,l258
p893,l259
p1045,l260
p757,l261
p986,l262
p1082,l263
p101,l264
p886,l265
p1188,l266
p918,l267
p1546,l268
p1070,l269
p986,l270
p678,l271
p1932,l272
p183,l273
p947,l274
p876,l275
p1022,l276
p27,l277
p1987,l278
p1898,l279
p30,l280
p289,l281
p1920,l282
p916,l283
p871,l284
p271,l285
p526,l286
p1685,l287
p1442,l288
p1097,l289
p585,l290
p738,l291
p875,l292
p1069,l293
p1341,l294
p332,l295
p133,l296
p1973,l297
p629,l298
p1645,l299
