p0,p407
p0,p519
p0,p1960
p1,p99
p1,p269
p1,p1551
p2,p4
p2,p785
p3,p98
p3,p638
p3,p1599
p3,p1840
p4,p1026
p5,p452
p5,p1848
p6,p1471
p6,p1693
p7,p497
p7,p1601
p8,p445
p8,p1821
p9,p1284
p9,p1983
p10,p778
p10,p1302
p11,p758
p11,p1897
p12,p375
p12,p1068
p12,p1882
p13,p1156
p13,p1940
p14,p278
p14,p660
p14,p1428
p15,p660
p16,p591
p16,p1035
p16,p1363
p17,p400
p17,p1083
p17,p1528
p18,p342
p18,p392
p18,p1462
p19,p20
p19,p1031
p19,p1770
p20,p988
p21,p102
p21,p615
p21,p989
p22,p776
p22,p804
p23,p1501
p23,p1644
p24,p186
p24,p1004
p24,p1625
p24,p1923
p25,p1722
p25,p1883
p26,p301
p26,p743
p26,p919
p26,p1576
p27,p1304
p27,p1973
p28,p155
p28,p1025
p28,p1665
p29,p738
p29,p917
p29,p1314
p30,p508
p30,p1122
p31,p349
p31,p963
p32,p84
p32,p722
p32,p1780
p33,p256
p33,p749
p34,p118
p34,p638
p34,p851
p35,p146
p35,p1327
p35,p1613
p35,p1803
p36,p757
p36,p1058
p37,p291
p37,p491
p37,p854
p38,p413
p38,p936
p38,p1975
p39,p395
p39,p1683
p40,p1046
p40,p1200
p40,p1890
p41,p815
p41,p837
p42,p1113
p42,p1502
p42,p1819
p43,p117
p43,p808
p44,p96
p44,p711
p45,p927
p45,p1094
p45,p1266
p46,p381
p46,p1159
p47,p559
p47,p616
p47,p656
p48,p77
p49,p307
p49,p1784
p50,p389
p50,p1703
p50,p1767
p51,p212
p51,p276
p51,p1765
p52,p1509
p52,p1696
p53,p641
p53,p846
p53,p1467
p54,p389
p54,p872
p55,p148
p55,p450
p55,p1030
p56,p1424
p57,p1597
p57,p1895
p58,p1098
p58,p1504
p59,p1090
p59,p1148
p60,p329
p60,p662
p60,p1563
p61,p1153
p61,p1345
p61,p1440
p62,p308
p62,p1830
p63,p870
p63,p1130
p63,p1413
p64,p150
p64,p251
p64,p760
p64,p995
p65,p191
p65,p1449
p66,p1810
p67,p74
p67,p483
p68,p314
p68,p855
p68,p1578
p69,p237
p69,p502
p69,p844
p69,p883
p70,p359
p70,p1468
p71,p1508
p71,p1713
p71,p1787
p72,p809
p72,p1386
p73,p357
p73,p1043
p73,p1237
p74,p681
p74,p1331
p75,p193
p75,p439
p75,p1409
p76,p92
p76,p978
p77,p1620
p77,p1925
p78,p486
p78,p1105
p78,p1866
p79,p1438
p79,p1524
p80,p522
p80,p1219
p80,p1617
p81,p245
p81,p1936
p82,p1270
p82,p1539
p82,p1962
p83,p142
p83,p549
p83,p1700
p84,p947
p85,p399
p85,p416
p86,p1244
p86,p1687
p87,p1427
p87,p1586
p87,p1610
p88,p931
p88,p1129
p88,p1137
p89,p590
p89,p650
p90,p730
p90,p1826
p91,p447
p91,p517
p92,p804
p92,p1307
p93,p1623
p93,p1698
p94,p388
p94,p498
p94,p1616
p95,p125
p95,p204
p95,p417
p96,p542
p96,p1825
p97,p216
p97,p1059
p97,p1606
p98,p444
p99,p625
p100,p1150
p100,p1788
p101,p1383
p101,p1681
p102,p1167
p103,p907
p103,p1056
p104,p1358
p104,p1523
p105,p252
p105,p707
p105,p1730
p106,p178
p106,p245
p107,p962
p107,p1817
p108,p1676
p108,p1823
p109,p587
p109,p945
p110,p482
p110,p484
p110,p649
p111,p1169
p111,p1953
p112,p524
p112,p1692
p113,p119
p113,p1219
p113,p1264
p114,p179
p114,p1251
p114,p1463
p115,p854
p115,p1442
p115,p1838
p116,p281
p116,p1759
p117,p891
p118,p841
p119,p799
p120,p500
p120,p1101
p120,p1657
p121,p852
p121,p1267
p121,p1571
p122,p856
p122,p1886
p122,p1979
p123,p1184
p123,p1827
p124,p722
p124,p967
p125,p1458
p125,p1691
p126,p378
p126,p932
p126,p1665
p127,p812
p127,p1762
p128,p1089
p128,p1296
p128,p1493
p129,p354
p129,p822
p129,p1509
p130,p1029
p130,p1477
p131,p877
p131,p1931
p132,p1615
p132,p1974
p133,p506
p133,p880
p134,p955
p134,p1590
p134,p1654
p135,p279
p135,p1470
p136,p720
p136,p1133
p136,p1690
p137,p594
p137,p1564
p138,p935
p138,p1146
p138,p1701
p139,p763
p139,p1491
p139,p1799
p140,p1374
p141,p157
p141,p452
p142,p1950
p143,p752
p143,p1575
p144,p298
p144,p1153
p145,p1472
p145,p1546
p146,p207
p146,p1539
p147,p282
p147,p1332
p148,p1547
p149,p1737
p149,p1830
p150,p1013
p151,p913
p151,p1639
p151,p1758
p152,p283
p153,p356
p153,p1150
p153,p1771
p154,p250
p154,p260
p154,p1869
p154,p1879
p155,p656
p156,p605
p156,p976
p156,p1543
p157,p1480
p158,p893
p158,p1414
p158,p1787
p159,p468
p159,p1730
p159,p1977
p160,p1657
p160,p1728
p160,p1898
p161,p808
p161,p1704
p162,p342
p162,p1412
p162,p1916
p163,p580
p163,p1256
p164,p1220
p165,p190
p165,p226
p165,p900
p166,p426
p166,p610
p167,p619
p167,p672
p167,p893
p168,p618
p168,p984
p168,p1867
p169,p796
p169,p1204
p170,p724
p170,p979
p171,p258
p171,p1496
p172,p302
p172,p528
p172,p1520
p173,p631
p173,p786
p173,p1897
p174,p191
p174,p636
p174,p1488
p175,p256
p176,p435
p176,p1620
p177,p985
p177,p1110
p178,p1274
p179,p769
p179,p1693
p180,p432
p180,p1389
p181,p431
p181,p863
p181,p1598
p182,p344
p182,p1820
p183,p413
p183,p1763
p184,p863
p184,p1071
p184,p1613
p185,p474
p185,p1131
p186,p1892
p187,p663
p187,p688
p187,p827
p188,p589
p188,p844
p189,p567
p189,p1497
p190,p361
p192,p292
p192,p1120
p192,p1306
p193,p1590
p193,p1747
p194,p465
p194,p1705
p195,p1563
p195,p1615
p195,p1937
p196,p1051
p196,p1132
p196,p1612
p197,p669
p197,p1197
p197,p1326
p198,p1880
p198,p1912
p199,p542
p199,p654
p200,p708
p200,p1540
p200,p1790
p201,p634
p201,p1826
p202,p1110
p203,p1001
p203,p1159
p204,p1321
p204,p1640
p205,p1931
p206,p798
p206,p1613
p206,p1962
p207,p1327
p208,p396
p208,p1429
p208,p1862
p209,p982
p209,p1009
p209,p1420
p209,p1872
p210,p814
p210,p1780
p211,p1265
p211,p1683
p211,p1850
p212,p319
p212,p1007
p212,p1659
p213,p309
p213,p1158
p213,p1608
p214,p348
p214,p915
p214,p1417
p215,p747
p215,p1354
p215,p1366
p216,p1413
p217,p276
p217,p967
p217,p1765
p218,p715
p218,p1125
p218,p1614
p219,p1215
p219,p1831
p220,p799
p220,p859
p220,p937
p220,p951
p221,p362
p221,p532
p221,p1731
p222,p712
p222,p1742
p223,p630
p223,p971
p223,p1135
p224,p1414
p224,p1472
p224,p1713
p225,p1926
p225,p1994
p226,p1034
p226,p1069
p227,p1723
p227,p1814
p228,p835
p228,p1061
p229,p409
p229,p601
p229,p1455
p230,p1769
p230,p1932
p231,p330
p231,p1694
p232,p545
p232,p960
p232,p1538
p233,p1128
p233,p1808
p234,p480
p234,p531
p235,p1600
p235,p1726
p236,p303
p236,p1504
p236,p1511
p237,p1759
p238,p684
p238,p1618
p238,p1948
p239,p1187
p239,p1860
p240,p1367
p241,p407
p241,p519
p241,p625
p242,p612
p242,p1697
p242,p1909
p243,p805
p243,p1779
p244,p348
p244,p586
p245,p1739
p246,p793
p246,p1881
p247,p331
p247,p1733
p247,p1783
p248,p738
p248,p1450
p249,p1012
p249,p1720
p249,p1965
p250,p1422
p251,p1284
p252,p1484
p252,p1514
p253,p1717
p253,p1879
p254,p759
p254,p957
p254,p1681
p255,p350
p255,p791
p255,p810
p256,p1603
p257,p523
p257,p1697
p258,p1153
p259,p585
p259,p868
p259,p1194
p260,p1291
p261,p448
p261,p1514
p262,p374
p262,p1216
p262,p1459
p263,p994
p263,p1452
p264,p597
p264,p598
p264,p940
p265,p1087
p265,p1198
p266,p822
p266,p1766
p267,p784
p267,p1063
p267,p1337
p268,p398
p268,p1959
p269,p1700
p270,p1323
p270,p1397
p270,p1589
p271,p1313
p271,p1908
p272,p973
p272,p1240
p273,p541
p273,p555
p273,p1834
p274,p1211
p274,p1854
p275,p514
p275,p1696
p275,p1766
p276,p947
p277,p347
p277,p1584
p277,p1652
p280,p293
p280,p787
p280,p1473
p281,p1450
p282,p482
p282,p564
p283,p334
p283,p809
p284,p1042
p284,p1731
p285,p511
p285,p523
p285,p1124
p286,p527
p286,p948
p286,p1297
p287,p817
p287,p1165
p288,p873
p289,p414
p289,p1762
p290,p405
p291,p489
p291,p1847
p292,p426
p293,p589
p293,p917
p294,p1226
p294,p1272
p295,p332
p295,p1080
p296,p1729
p297,p706
p297,p818
p297,p1099
p298,p532
p298,p1228
p299,p1293
p299,p1579
p299,p1668
p299,p1942
p300,p344
p300,p1596
p300,p1848
p300,p1861
p301,p752
p301,p1231
p302,p1422
p302,p1645
p303,p1010
p303,p1968
p304,p592
p304,p1933
p305,p430
p305,p598
p305,p940
p305,p1174
p306,p805
p306,p1448
p306,p1810
p307,p403
p307,p1842
p308,p775
p308,p875
p309,p1318
p310,p1224
p310,p1657
p311,p1094
p311,p1122
p312,p644
p312,p1485
p313,p566
p313,p777
p313,p803
p314,p1053
p314,p1741
p315,p1614
p315,p1725
p316,p876
p316,p987
p317,p366
p317,p888
p318,p713
p318,p1280
p319,p1579
p319,p1781
p320,p997
p320,p1263
p320,p1939
p321,p834
p321,p1526
p322,p1308
p322,p1527
p322,p1913
p322,p1925
p323,p1077
p323,p1432
p324,p516
p324,p1791
p325,p1382
p325,p1550
p326,p541
p326,p741
p326,p984
p326,p1570
p327,p636
p327,p1170
p327,p1212
p328,p1541
p328,p1709
p329,p1974
p330,p702
p330,p1751
p331,p498
p332,p1044
p332,p1792
p333,p527
p333,p1145
p334,p382
p334,p1560
p335,p414
p335,p822
p335,p1362
p335,p1606
p336,p1411
p336,p1741
p336,p1921
p337,p458
p337,p1722
p338,p1247
p338,p1342
p339,p1285
p339,p1378
p340,p597
p340,p1432
p341,p648
p341,p941
p341,p1595
p343,p1192
p343,p1209
p343,p1855
p344,p634
p345,p858
p345,p897
p345,p1431
p346,p480
p346,p521
p346,p1203
p347,p446
p348,p928
p349,p1090
p349,p1148
p350,p750
p350,p945
p351,p727
p351,p956
p352,p829
p352,p1809
p353,p522
p353,p1735
p353,p1846
p354,p367
p354,p1954
p355,p659
p355,p678
p355,p1055
p356,p1977
p357,p1368
p357,p1967
p358,p502
p358,p1865
p359,p712
p359,p1400
p360,p709
p360,p1634
p360,p1949
p361,p1360
p362,p507
p362,p1831
p363,p739
p363,p1119
p363,p1854
p364,p683
p364,p1954
p365,p905
p365,p1599
p365,p1632
p366,p459
p366,p1525
p367,p1710
p368,p907
p368,p1916
p369,p1084
p369,p1510
p369,p1732
p370,p734
p371,p1754
p371,p1859
p372,p686
p372,p1137
p372,p1887
p373,p630
p373,p1702
p374,p439
p375,p484
p375,p1067
p376,p1234
p376,p1511
p377,p958
p377,p1059
p377,p1292
p378,p616
p378,p1647
p379,p728
p379,p1850
p380,p603
p380,p1520
p381,p388
p381,p1402
p382,p1715
p383,p828
p383,p1328
p383,p1624
p384,p612
p385,p1201
p385,p1886
p386,p561
p386,p611
p386,p1423
p387,p850
p387,p1050
p387,p1210
p389,p440
p390,p948
p390,p1306
p391,p895
p391,p1433
p392,p1067
p393,p690
p393,p1621
p394,p461
p394,p814
p394,p983
p395,p1549
p396,p981
p396,p1658
p397,p539
p397,p629
p397,p819
p397,p1299
p398,p1777
p399,p463
p399,p1855
p400,p1421
p401,p684
p401,p1037
p401,p1216
p401,p1481
p402,p449
p402,p525
p402,p1103
p403,p441
p403,p1336
p404,p1416
p405,p1011
p405,p1804
p406,p665
p406,p1102
p407,p886
p407,p1800
p408,p761
p408,p1732
p408,p1797
p409,p520
p410,p570
p410,p859
p410,p1794
p411,p431
p411,p1706
p411,p1715
p412,p757
p412,p1763
p413,p543
p413,p1301
p414,p1283
p415,p515
p415,p634
p416,p1041
p416,p1930
p417,p1827
p418,p770
p418,p825
p418,p1759
p419,p1017
p419,p1344
p419,p1489
p420,p1239
p420,p1270
p420,p1325
p421,p1221
p421,p1629
p422,p1172
p422,p1876
p423,p1115
p423,p1171
p424,p958
p424,p1878
p425,p694
p425,p1498
p427,p921
p427,p1174
p427,p1487
p428,p548
p428,p1609
p428,p1931
p429,p508
p429,p741
p429,p1570
p430,p1024
p432,p1035
p432,p1213
p433,p995
p433,p1392
p433,p1675
p434,p710
p434,p1622
p434,p1630
p435,p1161
p435,p1518
p436,p1286
p436,p1553
p436,p1750
p437,p1166
p437,p1459
p438,p1556
p439,p1319
p440,p463
p440,p628
p442,p925
p442,p1753
p443,p1410
p443,p1844
p444,p571
p445,p1594
p445,p1906
p446,p1289
p446,p1851
p447,p472
p448,p771
p448,p1453
p449,p554
p450,p942
p451,p714
p451,p912
p452,p1088
p453,p1291
p453,p1554
p454,p1710
p455,p792
p455,p1649
p456,p1160
p456,p1225
p456,p1541
p457,p1573
p457,p1901
p457,p1942
p458,p1269
p458,p1821
p459,p1154
p460,p690
p460,p694
p461,p1823
p462,p1278
p462,p1548
p464,p779
p464,p1475
p465,p1384
p465,p1686
p466,p680
p466,p1987
p467,p710
p467,p959
p468,p1150
p468,p1406
p469,p704
p469,p1680
p469,p1779
p470,p598
p470,p1970
p471,p731
p471,p965
p471,p1356
p472,p1685
p473,p1325
p473,p1536
p473,p1995
p474,p1570
p475,p681
p475,p1866
p476,p545
p476,p1082
p476,p1341
p477,p621
p477,p1684
p478,p607
p478,p1921
p479,p686
p479,p1196
p479,p1603
p481,p871
p481,p1400
p481,p1899
p483,p925
p483,p1932
p485,p1342
p485,p1394
p486,p1139
p486,p1369
p487,p499
p488,p1620
p488,p1870
p489,p1213
p490,p1386
p490,p1399
p490,p1806
p491,p596
p491,p642
p492,p1886
p493,p543
p493,p648
p493,p901
p493,p936
p494,p604
p494,p734
p494,p1984
p495,p1364
p495,p1573
p495,p1901
p496,p903
p496,p1247
p496,p1510
p497,p1092
p497,p1793
p499,p1154
p499,p1874
p500,p889
p500,p1387
p501,p1304
p501,p1685
p502,p1530
p503,p1750
p504,p669
p504,p1326
p504,p1659
p505,p1679
p505,p1949
p506,p1048
p507,p572
p507,p889
p508,p1888
p509,p1535
p509,p1913
p510,p1293
p510,p1951
p511,p547
p511,p1819
p512,p884
p512,p1598
p513,p993
p513,p1755
p513,p1772
p514,p1786
p515,p1110
p516,p960
p516,p1082
p517,p550
p518,p890
p518,p1366
p518,p1473
p519,p1585
p520,p639
p520,p944
p520,p1393
p521,p582
p523,p840
p524,p1073
p524,p1670
p525,p1237
p525,p1758
p526,p919
p526,p1709
p527,p1485
p528,p657
p529,p723
p529,p1561
p529,p1805
p530,p1131
p530,p1834
p531,p665
p531,p773
p532,p572
p533,p585
p533,p1194
p534,p790
p534,p1285
p534,p1378
p535,p1030
p535,p1688
p535,p1698
p536,p1335
p537,p752
p537,p1231
p537,p1858
p538,p831
p538,p1340
p539,p1244
p540,p780
p540,p1155
p540,p1896
p541,p1969
p542,p1021
p543,p980
p544,p819
p544,p1003
p544,p1075
p546,p690
p546,p1651
p547,p1252
p548,p1178
p549,p849
p549,p926
p550,p1558
p551,p1463
p551,p1975
p552,p793
p553,p718
p553,p1178
p554,p1271
p554,p1928
p555,p1969
p556,p1155
p556,p1401
p557,p870
p557,p1096
p557,p1970
p558,p559
p558,p1569
p559,p1379
p560,p749
p560,p986
p561,p1651
p562,p853
p562,p940
p562,p1487
p563,p909
p563,p1980
p564,p637
p565,p1074
p565,p1550
p566,p679
p567,p1650
p568,p1101
p568,p1320
p569,p1026
p569,p1088
p570,p1486
p571,p929
p571,p1288
p572,p1387
p573,p825
p573,p1711
p574,p583
p574,p1022
p574,p1358
p575,p610
p575,p696
p576,p1401
p576,p1702
p577,p618
p577,p920
p577,p1717
p578,p820
p578,p1140
p578,p1825
p579,p990
p579,p1248
p579,p1790
p580,p796
p580,p1051
p581,p934
p582,p1186
p583,p776
p583,p978
p584,p1021
p584,p1785
p584,p1924
p585,p1350
p586,p1883
p587,p1195
p587,p1274
p588,p703
p590,p1628
p591,p754
p591,p1213
p592,p1619
p593,p1577
p593,p1810
p594,p1024
p594,p1292
p595,p1871
p596,p1442
p596,p1585
p597,p1330
p599,p637
p599,p1462
p600,p1091
p602,p719
p602,p1637
p603,p1324
p603,p1718
p604,p1811
p605,p815
p606,p1204
p606,p1381
p607,p848
p607,p1391
p608,p800
p608,p892
p609,p1099
p609,p1282
p609,p1287
p610,p1476
p611,p1621
p611,p1734
p612,p840
p612,p1597
p613,p644
p613,p1461
p613,p1485
p614,p718
p614,p1820
p615,p943
p616,p1674
p617,p790
p617,p1568
p617,p1859
p619,p1950
p620,p622
p620,p1755
p620,p1939
p621,p859
p622,p924
p623,p1015
p623,p1810
p623,p1868
p624,p633
p624,p1802
p624,p1898
p626,p731
p626,p1046
p626,p1356
p627,p1093
p627,p1492
p627,p1564
p628,p1370
p629,p1244
p631,p1139
p631,p1349
p632,p989
p632,p1768
p633,p970
p633,p1215
p635,p704
p635,p760
p635,p995
p635,p1675
p636,p989
p639,p1582
p640,p1457
p640,p1942
p641,p1829
p642,p1585
p642,p1960
p643,p1328
p643,p1659
p643,p1666
p645,p1033
p645,p1229
p645,p1430
p646,p725
p646,p1339
p646,p1662
p647,p1614
p647,p1948
p648,p1478
p649,p1040
p650,p1460
p650,p1534
p651,p1043
p651,p1190
p652,p1159
p652,p1695
p653,p1624
p654,p711
p654,p784
p655,p1454
p655,p1800
p657,p864
p657,p1443
p657,p1869
p658,p1070
p658,p1664
p658,p1811
p659,p1828
p661,p1103
p661,p1360
p661,p1587
p662,p695
p663,p1435
p664,p1065
p664,p1908
p666,p865
p666,p1362
p667,p894
p667,p1374
p667,p1495
p668,p1646
p668,p1875
p669,p1466
p670,p879
p670,p1502
p670,p1798
p671,p915
p671,p1138
p672,p1839
p673,p692
p673,p711
p673,p1592
p674,p923
p674,p1246
p675,p1349
p675,p1791
p676,p1784
p677,p821
p677,p1740
p677,p1863
p678,p1733
p678,p1770
p679,p912
p680,p1428
p680,p1950
p681,p1992
p682,p863
p682,p1986
p683,p1492
p683,p1878
p685,p920
p685,p1310
p685,p1320
p686,p1146
p687,p928
p687,p1418
p688,p1145
p689,p909
p689,p1322
p690,p1572
p691,p861
p691,p913
p692,p932
p693,p1211
p693,p1652
p694,p1572
p695,p1187
p695,p1788
p696,p1522
p697,p1357
p698,p1347
p698,p1964
p699,p857
p699,p1070
p699,p1083
p700,p962
p700,p1072
p700,p1477
p701,p1177
p701,p1987
p702,p1887
p703,p880
p703,p1141
p704,p1403
p705,p950
p705,p1019
p705,p1435
p706,p1989
p707,p1983
p708,p1248
p708,p1437
p709,p930
p709,p1808
p710,p1136
p710,p1451
p713,p998
p714,p1607
p715,p1678
p716,p930
p716,p1036
p716,p1732
p717,p1205
p717,p1723
p719,p1141
p719,p1288
p720,p1371
p721,p1410
p721,p1807
p722,p766
p723,p1008
p724,p1253
p724,p1795
p725,p1944
p726,p1126
p726,p1305
p726,p1914
p727,p1884
p728,p1464
p729,p772
p729,p1013
p730,p845
p731,p1441
p732,p1182
p732,p1295
p732,p1745
p733,p1105
p733,p1515
p734,p1116
p734,p1363
p735,p1369
p735,p1915
p735,p1991
p736,p1156
p736,p1791
p736,p1940
p737,p1408
p737,p1600
p738,p1818
p739,p827
p740,p1012
p740,p1236
p741,p1888
p742,p946
p742,p1260
p742,p1807
p743,p1095
p744,p807
p745,p1203
p745,p1885
p746,p1012
p746,p1875
p747,p1023
p747,p1249
p748,p1416
p748,p1431
p749,p1283
p749,p1988
p750,p1053
p750,p1602
p751,p1071
p751,p1706
p753,p1045
p753,p1198
p755,p870
p755,p1096
p755,p1375
p756,p881
p756,p1937
p756,p1993
p757,p907
p758,p858
p758,p939
p758,p1933
p759,p860
p760,p1434
p761,p1677
p762,p886
p762,p1163
p763,p1857
p764,p1191
p764,p1940
p765,p1118
p765,p1234
p766,p1692
p767,p1193
p767,p1574
p767,p1840
p768,p823
p768,p1152
p769,p1763
p770,p1276
p771,p1187
p772,p1837
p773,p856
p774,p1311
p774,p1707
p775,p1446
p776,p1339
p777,p1983
p778,p1239
p778,p1601
p779,p1353
p780,p1287
p781,p976
p781,p1593
p781,p1924
p782,p1162
p782,p1761
p782,p1805
p783,p890
p783,p1774
p785,p1567
p786,p1369
p787,p1530
p788,p1655
p788,p1896
p789,p1006
p789,p1161
p791,p1458
p792,p811
p792,p900
p793,p986
p794,p1092
p795,p893
p795,p1667
p795,p1711
p797,p1229
p797,p1714
p797,p1760
p798,p1270
p798,p1986
p800,p1756
p801,p1357
p801,p1908
p802,p1643
p802,p1658
p802,p1922
p803,p1680
p804,p954
p806,p1421
p806,p1664
p806,p1744
p807,p1125
p807,p1165
p808,p1121
p808,p1249
p809,p1335
p810,p1053
p811,p1185
p811,p1605
p812,p1750
p813,p1166
p813,p1725
p813,p1747
p814,p847
p815,p1164
p815,p1194
p816,p833
p816,p1430
p817,p1631
p818,p1262
p818,p1465
p819,p1689
p820,p826
p820,p946
p821,p1079
p821,p1604
p823,p1227
p823,p1542
p824,p928
p824,p1116
p824,p1470
p825,p1540
p826,p932
p826,p1647
p827,p1119
p828,p1923
p829,p999
p829,p1638
p830,p1210
p830,p1619
p831,p1136
p831,p1965
p832,p1654
p832,p1935
p833,p885
p833,p1565
p834,p1922
p836,p1142
p836,p1583
p837,p976
p838,p1251
p838,p1255
p839,p1191
p839,p1416
p841,p1188
p841,p1243
p842,p1157
p842,p1666
p842,p1923
p843,p1128
p843,p1958
p845,p1738
p846,p1144
p847,p1856
p848,p1991
p849,p1428
p850,p906
p851,p1756
p852,p1670
p853,p988
p853,p1506
p853,p1893
p855,p1388
p857,p1777
p860,p1429
p861,p1065
p861,p1639
p862,p1022
p862,p1113
p862,p1662
p864,p1425
p865,p1283
p866,p1401
p866,p1896
p867,p1150
p867,p1563
p867,p1796
p868,p1000
p869,p1753
p869,p1921
p871,p1500
p871,p1580
p872,p910
p873,p1638
p873,p1688
p874,p1063
p874,p1543
p876,p1833
p877,p1409
p878,p942
p878,p1030
p878,p1474
p878,p1688
p879,p1232
p879,p1617
p881,p1289
p881,p1615
p882,p906
p882,p1391
p883,p1546
p884,p1560
p884,p1978
p885,p1062
p886,p1454
p887,p1349
p887,p1416
p888,p1900
p889,p1898
p891,p1023
p891,p1057
p891,p1754
p892,p1047
p894,p1108
p895,p977
p895,p1221
p896,p1353
p896,p1580
p898,p997
p898,p1316
p898,p1755
p899,p995
p899,p1013
p899,p1170
p900,p1242
p901,p1674
p902,p1042
p903,p1084
p904,p941
p904,p991
p904,p1327
p904,p1816
p905,p1552
p905,p1824
p906,p1741
p908,p1109
p908,p1845
p909,p1490
p910,p1108
p910,p1663
p911,p946
p911,p1140
p913,p1501
p914,p1054
p914,p1226
p914,p1258
p916,p1389
p916,p1627
p918,p1867
p918,p1894
p919,p1231
p921,p1277
p921,p1564
p922,p1429
p923,p1104
p924,p1137
p926,p1198
p927,p1505
p929,p1168
p931,p1661
p931,p1694
p933,p1491
p933,p1642
p934,p1207
p934,p1795
p935,p1686
p937,p1513
p937,p1929
p938,p1286
p938,p1686
p941,p1147
p943,p1768
p945,p1602
p947,p1293
p948,p1120
p949,p1113
p949,p1608
p950,p1683
p951,p1364
p951,p1684
p952,p961
p952,p1294
p952,p1851
p953,p1496
p953,p1994
p954,p1489
p956,p1019
p956,p1833
p957,p1322
p957,p1490
p959,p1229
p959,p1451
p959,p1760
p960,p1789
p961,p969
p962,p1786
p963,p1061
p963,p1524
p964,p973
p964,p1343
p964,p1604
p965,p1247
p966,p1227
p966,p1402
p967,p1503
p968,p1523
p968,p1812
p969,p1516
p969,p1863
p970,p1298
p972,p1348
p972,p1919
p972,p1924
p973,p1419
p974,p1131
p974,p1505
p974,p1980
p975,p1254
p975,p1596
p979,p1207
p979,p1421
p979,p1775
p980,p1312
p981,p1231
p982,p1415
p982,p1870
p983,p1780
p985,p1480
p985,p1507
p988,p1031
p990,p1355
p990,p1445
p991,p1569
p992,p1202
p992,p1578
p992,p1957
p993,p1279
p994,p1034
p994,p1912
p996,p1003
p996,p1689
p998,p1350
p999,p1661
p1000,p1752
p1002,p1180
p1002,p1437
p1002,p1839
p1003,p1352
p1004,p1544
p1005,p1277
p1005,p1695
p1006,p1808
p1007,p1326
p1007,p1781
p1008,p1114
p1008,p1162
p1009,p1415
p1010,p1511
p1010,p1723
p1011,p1774
p1013,p1323
p1014,p1170
p1014,p1212
p1014,p1562
p1015,p1346
p1015,p1669
p1016,p1318
p1016,p1914
p1018,p1160
p1018,p1653
p1019,p1182
p1020,p1556
p1020,p1879
p1020,p1889
p1026,p1935
p1027,p1828
p1027,p1945
p1028,p1787
p1028,p1987
p1029,p1817
p1031,p1506
p1032,p1926
p1033,p1714
p1033,p1927
p1034,p1242
p1036,p1084
p1036,p1217
p1037,p1069
p1037,p1587
p1038,p1127
p1038,p1985
p1039,p1128
p1039,p1179
p1040,p1748
p1041,p1188
p1041,p1209
p1042,p1926
p1043,p1065
p1044,p1455
p1044,p1642
p1045,p1561
p1046,p1824
p1046,p1902
p1047,p1168
p1048,p1548
p1049,p1411
p1049,p1602
p1049,p1739
p1050,p1578
p1051,p1204
p1052,p1442
p1052,p1561
p1054,p1508
p1055,p1164
p1057,p1344
p1057,p1812
p1058,p1260
p1058,p1301
p1060,p1223
p1060,p1238
p1061,p1982
p1062,p1559
p1064,p1254
p1064,p1567
p1066,p1175
p1066,p1998
p1068,p1412
p1071,p1333
p1072,p1384
p1073,p1538
p1073,p1726
p1074,p1112
p1074,p1801
p1075,p1282
p1075,p1299
p1076,p1634
p1076,p1656
p1076,p1853
p1077,p1096
p1078,p1359
p1078,p1497
p1079,p1343
p1080,p1371
p1081,p1676
p1081,p1830
p1082,p1515
p1085,p1822
p1086,p1261
p1086,p1275
p1086,p1724
p1087,p1700
p1088,p1469
p1089,p1390
p1090,p1757
p1091,p1944
p1092,p1994
p1093,p1277
p1094,p1268
p1095,p1575
p1097,p1273
p1097,p1356
p1097,p1394
p1098,p1274
p1100,p1149
p1100,p1669
p1102,p1111
p1104,p1202
p1105,p1737
p1106,p1412
p1106,p1876
p1107,p1258
p1107,p1660
p1109,p1941
p1109,p1979
p1110,p1861
p1111,p1372
p1112,p1127
p1112,p1547
p1113,p1376
p1115,p1117
p1115,p1234
p1117,p1773
p1118,p1691
p1119,p1461
p1121,p1354
p1121,p1473
p1123,p1280
p1124,p1158
p1125,p1338
p1126,p1568
p1129,p1588
p1130,p1362
p1130,p1881
p1131,p1367
p1132,p1282
p1133,p1891
p1134,p1285
p1134,p1521
p1135,p1169
p1138,p1470
p1139,p1515
p1140,p1172
p1142,p1340
p1142,p1836
p1143,p1491
p1143,p1581
p1144,p1635
p1144,p1872
p1146,p1279
p1147,p1218
p1148,p1482
p1149,p1188
p1151,p1233
p1151,p1584
p1152,p1332
p1153,p1971
p1154,p1716
p1155,p1465
p1157,p1503
p1157,p1813
p1160,p1566
p1163,p1389
p1163,p1847
p1164,p1752
p1165,p1873
p1166,p1618
p1167,p1449
p1169,p1433
p1171,p1205
p1172,p1373
p1173,p1411
p1173,p1921
p1173,p1936
p1175,p1347
p1176,p1224
p1176,p1728
p1176,p1998
p1177,p1804
p1178,p1567
p1178,p1636
p1179,p1257
p1179,p1853
p1180,p1551
p1181,p1304
p1181,p1586
p1182,p1724
p1183,p1467
p1183,p1532
p1184,p1246
p1185,p1365
p1186,p1372
p1188,p1930
p1189,p1245
p1189,p1622
p1189,p1961
p1190,p1313
p1192,p1212
p1192,p1346
p1193,p1288
p1196,p1887
p1197,p1517
p1197,p1792
p1199,p1646
p1199,p1689
p1200,p1767
p1201,p1311
p1203,p1972
p1205,p1365
p1206,p1208
p1206,p1761
p1207,p1996
p1208,p1253
p1211,p1778
p1214,p1230
p1214,p1427
p1216,p1361
p1216,p1880
p1217,p1535
p1217,p1611
p1218,p1803
p1219,p1852
p1220,p1269
p1221,p1746
p1222,p1583
p1222,p1918
p1223,p1230
p1223,p1985
p1224,p1841
p1225,p1483
p1225,p1764
p1227,p1616
p1228,p1496
p1233,p1641
p1235,p1641
p1236,p1687
p1236,p1776
p1238,p1623
p1240,p1604
p1241,p1735
p1241,p1846
p1241,p1944
p1243,p1577
p1243,p1669
p1245,p1720
p1246,p1640
p1248,p1800
p1250,p1583
p1250,p1965
p1251,p1706
p1252,p1524
p1255,p1471
p1255,p1693
p1256,p1749
p1257,p1829
p1258,p1952
p1259,p1526
p1259,p1699
p1260,p1916
p1261,p1854
p1261,p1910
p1262,p1953
p1263,p1557
p1264,p1513
p1264,p1799
p1265,p1874
p1266,p1864
p1267,p1789
p1268,p1494
p1270,p1995
p1271,p1920
p1272,p1804
p1273,p1374
p1275,p1435
p1276,p1540
p1278,p1677
p1279,p1705
p1280,p1963
p1281,p1842
p1281,p1903
p1284,p1434
p1287,p1352
p1290,p1441
p1290,p1574
p1290,p1637
p1291,p1387
p1294,p1343
p1294,p1407
p1296,p1314
p1297,p1559
p1298,p1964
p1299,p1381
p1300,p1396
p1300,p1990
p1302,p1539
p1303,p1397
p1303,p1707
p1305,p1568
p1305,p1895
p1307,p1344
p1307,p1708
p1309,p1434
p1309,p1680
p1310,p1529
p1310,p1841
p1312,p1410
p1314,p1378
p1315,p1957
p1316,p1557
p1316,p1772
p1317,p1981
p1317,p1982
p1319,p1459
p1321,p1357
p1321,p1377
p1323,p1837
p1324,p1645
p1325,p1456
p1327,p1719
p1329,p1336
p1330,p1893
p1331,p1446
p1333,p1803
p1334,p1722
p1335,p1399
p1337,p1628
p1338,p1943
p1340,p1965
p1341,p1830
p1342,p1913
p1346,p1398
p1347,p1383
p1348,p1593
p1351,p1875
p1351,p1961
p1351,p1990
p1353,p1946
p1355,p1627
p1359,p1630
p1360,p1758
p1367,p1490
p1368,p1499
p1370,p1632
p1371,p1781
p1372,p1419
p1373,p1825
p1376,p1798
p1377,p1691
p1380,p1436
p1380,p1682
p1382,p1973
p1384,p1558
p1385,p1444
p1385,p1675
p1386,p1471
p1390,p1818
p1391,p1619
p1392,p1562
p1392,p1905
p1395,p1712
p1395,p1727
p1396,p1655
p1398,p1868
p1398,p1905
p1400,p1822
p1401,p1650
p1403,p1444
p1404,p1860
p1405,p1631
p1405,p1743
p1406,p1514
p1407,p1993
p1418,p1906
p1418,p1984
p1420,p1532
p1422,p1443
p1423,p1648
p1423,p1734
p1424,p1550
p1424,p1557
p1425,p1554
p1425,p1971
p1426,p1845
p1426,p1977
p1430,p1836
p1433,p1629
p1436,p1507
p1438,p1909
p1439,p1477
p1439,p1558
p1440,p1475
p1440,p1537
p1444,p1448
p1445,p1454
p1447,p1576
p1447,p1784
p1448,p1868
p1449,p1663
p1451,p1843
p1452,p1649
p1453,p1727
p1455,p1792
p1456,p1500
p1456,p1536
p1456,p1793
p1457,p1856
p1457,p1951
p1459,p1481
p1464,p1565
p1464,p1850
p1466,p1624
p1468,p1946
p1469,p1725
p1472,p1667
p1474,p1809
p1475,p1520
p1476,p1815
p1478,p1674
p1479,p1605
p1479,p1644
p1480,p1848
p1482,p1982
p1483,p1746
p1484,p1877
p1486,p1846
p1487,p1531
p1488,p1855
p1493,p1519
p1494,p1626
p1495,p1890
p1498,p1826
p1499,p1997
p1500,p1537
p1501,p1773
p1506,p1963
p1508,p1660
p1509,p1710
p1510,p1797
p1512,p1866
p1512,p1915
p1516,p1652
p1518,p1545
p1519,p1895
p1521,p1704
p1523,p1708
p1525,p1714
p1525,p1716
p1526,p1643
p1528,p1838
p1528,p1959
p1529,p1969
p1531,p1783
p1533,p1569
p1534,p1592
p1536,p1899
p1538,p1938
p1541,p1947
p1542,p1945
p1545,p1611
p1549,p1833
p1551,p1950
p1552,p1840
p1553,p1701
p1553,p1988
p1555,p1920
p1555,p1948
p1565,p1927
p1566,p1917
p1566,p1953
p1570,p1834
p1571,p1892
p1572,p1656
p1572,p1738
p1573,p1891
p1574,p1902
p1576,p1709
p1581,p1582
p1581,p1981
p1583,p1815
p1587,p1948
p1588,p1801
p1588,p1809
p1588,p1939
p1591,p1630
p1591,p1843
p1594,p1744
p1594,p1775
p1596,p1820
p1597,p1914
p1600,p1780
p1603,p1955
p1604,p1745
p1607,p1877
p1609,p1635
p1610,p1973
p1612,p1917
p1616,p1945
p1617,p1757
p1625,p1892
p1626,p1673
p1626,p1864
p1626,p1904
p1632,p1930
p1633,p1785
p1633,p1876
p1636,p1829
p1637,p1797
p1641,p1974
p1643,p1947
p1647,p1844
p1648,p1677
p1651,p1679
p1653,p1956
p1660,p1865
p1664,p1984
p1666,p1765
p1668,p1781
p1668,p1891
p1671,p1893
p1671,p1963
p1672,p1748
p1672,p1882
p1673,p1835
p1678,p1743
p1678,p1873
p1682,p1743
p1690,p1857
p1690,p1929
p1692,p1813
p1698,p1729
p1699,p1764
p1702,p1999
p1703,p1824
p1704,p1782
p1712,p1877
p1713,p1934
p1719,p1816
p1721,p1966
p1721,p1976
p1724,p1740
p1728,p1802
p1730,p1976
p1731,p1831
p1735,p1798
p1736,p1769
p1736,p1866
p1736,p1992
p1738,p1853
p1742,p1822
p1742,p1978
p1747,p1935
p1748,p1919
p1749,p1903
p1749,p1956
p1752,p1770
p1753,p1936
p1754,p1832
p1757,p1852
p1760,p1900
p1761,p1838
p1762,p1786
p1771,p1885
p1771,p1941
p1774,p1952
p1776,p1918
p1778,p1863
p1778,p1910
p1785,p1919
p1796,p1937
p1796,p1972
p1802,p1964
p1812,p1832
p1821,p1907
p1835,p1980
p1845,p1941
p1845,p1966
p1847,p1960
p1849,p1954
p1850,p1927
p1851,p1993
p1858,p1904
p1862,p1922
p1865,p1934
p1867,p1889
p1870,p1958
p1871,p1907
p1871,p1996
p1883,p1911
p1888,p1894
p1906,p1911
p1917,p1989
p1920,p1943
p1928,p1943
p1928,p1997
p1955,p1988
p1986,p1995
