p0,p242
p0,p660
p0,p1369
p0,p1763
p1,p255
p1,p460
p1,p585
p1,p610
p2,p363
p2,p416
p2,p839
p2,p1224
p2,p1896
p3,p529
p3,p1606
p3,p1691
p4,p494
p4,p548
p4,p742
p4,p1681
p5,p285
p5,p512
p5,p838
p6,p133
p6,p235
p6,p1302
p6,p1392
p7,p302
p7,p466
p7,p1616
p8,p584
p8,p1426
p9,p218
p9,p250
p9,p907
p9,p1020
p10,p588
p10,p1252
p10,p1422
p10,p1846
p11,p462
p11,p740
p11,p1363
p12,p244
p12,p588
p12,p612
p12,p1990
p13,p111
p13,p1462
p13,p1767
p14,p426
p14,p895
p14,p1478
p14,p1994
p15,p147
p15,p149
p15,p1229
p16,p80
p16,p608
p16,p1366
p16,p1550
p17,p713
p17,p1558
p17,p1775
p18,p213
p18,p373
p18,p918
p18,p1711
p19,p824
p19,p999
p19,p1330
p20,p254
p20,p617
p20,p1697
p21,p1089
p21,p1234
p21,p1303
p22,p266
p22,p461
p22,p1481
p22,p1689
p23,p512
p23,p838
p23,p1164
p23,p1541
p23,p1722
p24,p551
p24,p750
p24,p1053
p24,p1240
p24,p1558
p25,p471
p25,p583
p25,p1295
p25,p1476
p26,p428
p26,p464
p26,p790
p27,p103
p27,p488
p27,p505
p28,p231
p28,p561
p28,p817
p28,p1798
p29,p31
p29,p122
p29,p1469
p29,p1858
p29,p1921
p30,p107
p30,p822
p30,p1891
p30,p1932
p31,p64
p31,p951
p31,p952
p32,p419
p32,p457
p32,p1479
p32,p1931
p32,p1975
p33,p870
p33,p1306
p33,p1694
p34,p1239
p34,p1326
p34,p1625
p35,p814
p35,p1008
p35,p1530
p35,p1537
p35,p1923
p36,p795
p36,p927
p36,p963
p36,p1282
p37,p513
p37,p516
p37,p1279
p37,p1728
p38,p723
p38,p731
p38,p983
p38,p1770
p38,p1974
p39,p624
p39,p831
p39,p1059
p39,p1791
p40,p147
p40,p535
p40,p1520
p40,p1548
p41,p470
p41,p790
p41,p1188
p41,p1197
p42,p365
p42,p1091
p42,p1184
p43,p226
p43,p1049
p43,p1079
p44,p735
p44,p1040
p44,p1245
p45,p89
p45,p1157
p45,p1220
p45,p1410
p46,p400
p46,p637
p46,p645
p46,p764
p46,p1067
p46,p1998
p47,p350
p47,p1005
p47,p1135
p47,p1148
p47,p1531
p47,p1996
p48,p888
p48,p1201
p48,p1316
p48,p1519
p49,p337
p49,p724
p49,p1359
p49,p1535
p49,p1705
p50,p278
p50,p1018
p50,p1398
p51,p151
p51,p180
p52,p767
p52,p768
p52,p1044
p52,p1810
p52,p1925
p53,p805
p53,p843
p53,p1615
p53,p1948
p54,p587
p54,p1407
p54,p1988
p55,p329
p55,p625
p55,p994
p55,p1045
p56,p272
p56,p576
p56,p902
p56,p1374
p57,p603
p57,p919
p57,p1893
p58,p712
p58,p870
p58,p981
p58,p1247
p59,p414
p59,p1190
p59,p1479
p60,p274
p60,p515
p60,p1463
p61,p63
p61,p407
p61,p791
p62,p931
p62,p1912
p63,p443
p63,p791
p63,p1307
p64,p1469
p64,p1491
p65,p1263
p65,p1476
p66,p738
p66,p944
p67,p485
p67,p1160
p67,p1487
p67,p1830
p68,p105
p68,p309
p68,p504
p69,p107
p70,p181
p70,p715
p70,p846
p70,p1719
p70,p1749
p71,p465
p71,p917
p71,p1141
p71,p1552
p71,p1609
p71,p1944
p72,p911
p72,p1924
p73,p135
p73,p1024
p73,p1575
p73,p1821
p74,p658
p74,p1283
p74,p1984
p75,p480
p75,p738
p75,p944
p75,p1553
p76,p1043
p76,p1069
p76,p1070
p76,p1569
p77,p356
p77,p1712
p78,p546
p78,p1460
p79,p771
p79,p1150
p79,p1946
p80,p608
p80,p1366
p80,p1590
p81,p209
p81,p1095
p81,p1652
p81,p1724
p82,p627
p82,p806
p82,p1153
p82,p1166
p82,p1314
p83,p138
p83,p1166
p83,p1849
p84,p341
p84,p681
p84,p913
p84,p934
p84,p1199
p84,p1638
p85,p482
p85,p1111
p85,p1317
p86,p939
p86,p1028
p86,p1106
p86,p1538
p87,p258
p87,p1350
p87,p1870
p88,p251
p88,p530
p88,p1708
p89,p1220
p89,p1260
p89,p1349
p90,p396
p90,p1322
p90,p1623
p91,p417
p91,p782
p91,p955
p91,p1052
p91,p1720
p92,p275
p92,p1139
p92,p1145
p92,p1271
p92,p1329
p93,p180
p93,p1645
p93,p1876
p94,p1416
p94,p1456
p94,p1717
p95,p268
p95,p1452
p95,p1897
p96,p724
p96,p997
p96,p1359
p97,p771
p97,p1233
p97,p1474
p97,p1790
p97,p1946
p98,p422
p98,p659
p98,p1093
p99,p680
p99,p1193
p99,p1428
p99,p1847
p100,p952
p100,p1304
p100,p1357
p101,p326
p101,p1007
p101,p1142
p101,p1214
p102,p555
p102,p1367
p102,p1368
p103,p488
p103,p581
p103,p1392
p103,p1416
p104,p174
p104,p513
p104,p819
p104,p1770
p105,p504
p105,p855
p105,p1089
p106,p521
p106,p572
p106,p985
p106,p1339
p106,p1484
p107,p751
p107,p1891
p108,p403
p108,p658
p108,p1922
p109,p152
p109,p272
p109,p731
p109,p902
p109,p1076
p110,p416
p110,p995
p110,p1077
p111,p1761
p111,p1767
p112,p569
p112,p1546
p112,p1951
p113,p1348
p113,p1398
p113,p1571
p113,p1671
p114,p1495
p114,p1555
p114,p1877
p115,p165
p115,p334
p115,p355
p115,p965
p116,p857
p116,p931
p116,p1601
p117,p139
p117,p519
p117,p747
p117,p1636
p118,p748
p118,p982
p118,p1389
p118,p1731
p119,p816
p119,p1168
p119,p1383
p119,p1482
p119,p1957
p119,p1980
p120,p618
p120,p755
p120,p1100
p120,p1586
p121,p658
p121,p1042
p121,p1451
p121,p1922
p122,p125
p122,p775
p122,p1337
p123,p129
p123,p545
p123,p586
p123,p1447
p123,p1891
p123,p1958
p124,p478
p124,p561
p124,p1063
p125,p259
p125,p775
p125,p1107
p125,p1459
p126,p968
p126,p979
p126,p1007
p126,p1079
p127,p509
p127,p854
p127,p1060
p127,p1472
p127,p1644
p128,p853
p128,p1343
p129,p150
p129,p545
p129,p822
p129,p1891
p130,p238
p130,p1189
p130,p1907
p131,p872
p131,p1087
p131,p1172
p131,p1440
p132,p236
p132,p275
p132,p1676
p133,p287
p133,p1302
p134,p368
p134,p916
p134,p1660
p134,p1895
p135,p401
p135,p1821
p136,p223
p136,p1332
p136,p1866
p137,p1296
p137,p1668
p138,p591
p138,p1257
p138,p1849
p139,p501
p140,p496
p140,p1084
p140,p1115
p140,p1480
p141,p196
p141,p412
p141,p1173
p141,p1381
p142,p302
p142,p542
p142,p813
p143,p1112
p143,p1432
p143,p1499
p144,p165
p144,p334
p144,p1071
p144,p1842
p145,p702
p145,p1209
p145,p1358
p145,p1908
p146,p1086
p146,p1552
p147,p1062
p147,p1511
p147,p1520
p147,p1539
p148,p248
p148,p338
p148,p1158
p148,p1205
p148,p1633
p149,p1022
p149,p1511
p150,p822
p150,p864
p150,p1703
p151,p471
p151,p1290
p151,p1434
p152,p272
p152,p459
p153,p955
p153,p990
p153,p1963
p154,p591
p154,p1047
p154,p1485
p154,p1646
p154,p1653
p154,p1794
p155,p1526
p155,p1784
p156,p310
p156,p326
p156,p1022
p157,p376
p157,p452
p157,p988
p157,p1530
p157,p1616
p158,p1130
p158,p1258
p158,p1465
p158,p1945
p159,p511
p159,p1040
p159,p1372
p159,p1779
p160,p915
p160,p916
p160,p1660
p161,p395
p161,p717
p161,p947
p161,p978
p162,p481
p162,p1183
p162,p1482
p162,p1957
p163,p284
p163,p797
p163,p1254
p164,p192
p164,p892
p165,p176
p165,p1359
p165,p1705
p166,p270
p166,p440
p166,p506
p166,p1698
p167,p238
p167,p568
p167,p717
p167,p978
p168,p1011
p168,p1423
p168,p1732
p168,p1884
p169,p328
p169,p898
p169,p1284
p169,p1397
p169,p1429
p170,p883
p170,p977
p170,p1345
p170,p1620
p170,p1627
p171,p708
p171,p1477
p172,p917
p172,p1305
p172,p1552
p172,p1809
p173,p1053
p173,p1558
p173,p1670
p174,p1088
p174,p1770
p175,p857
p175,p1427
p175,p1540
p175,p1593
p176,p1359
p176,p1842
p177,p1052
p177,p1475
p177,p1624
p177,p1792
p178,p661
p178,p1789
p178,p1800
p179,p987
p179,p998
p179,p1072
p179,p1301
p179,p1388
p180,p1876
p181,p296
p181,p1210
p181,p1749
p182,p348
p182,p611
p182,p1017
p182,p1834
p183,p766
p183,p1550
p183,p1865
p183,p1910
p184,p417
p184,p938
p184,p955
p185,p1112
p185,p1432
p185,p1478
p185,p1950
p186,p454
p186,p697
p186,p947
p186,p1584
p187,p558
p187,p1073
p187,p1942
p188,p211
p188,p1470
p188,p1768
p189,p567
p189,p1388
p189,p1818
p190,p776
p190,p1336
p190,p1835
p191,p229
p191,p262
p191,p484
p191,p859
p192,p910
p192,p1898
p192,p1961
p193,p481
p193,p1068
p193,p1183
p193,p1753
p194,p937
p194,p1673
p194,p1972
p194,p1988
p195,p728
p195,p1714
p196,p412
p196,p858
p196,p1105
p197,p739
p197,p1000
p197,p1377
p197,p1582
p198,p269
p198,p685
p198,p1809
p199,p437
p199,p823
p199,p841
p199,p970
p199,p1754
p200,p630
p200,p865
p200,p1176
p200,p1363
p200,p1500
p201,p545
p201,p864
p201,p1192
p202,p304
p202,p546
p203,p391
p203,p421
p204,p346
p204,p393
p204,p1445
p205,p1575
p205,p1748
p205,p1776
p205,p1862
p206,p515
p206,p1680
p207,p693
p207,p1673
p208,p1429
p208,p1616
p208,p1699
p208,p1880
p209,p884
p209,p1602
p210,p885
p210,p1401
p210,p1489
p210,p1597
p210,p1777
p211,p843
p211,p1133
p211,p1768
p211,p1797
p211,p1887
p212,p294
p212,p404
p212,p1444
p212,p1657
p213,p373
p213,p582
p214,p342
p214,p1564
p215,p243
p215,p1814
p215,p1863
p216,p312
p216,p354
p216,p850
p216,p891
p217,p1215
p217,p1222
p217,p1223
p218,p250
p218,p907
p218,p1068
p218,p1183
p219,p654
p219,p754
p219,p1443
p219,p1828
p220,p479
p220,p1404
p220,p1976
p221,p376
p221,p603
p221,p1206
p221,p1555
p221,p1802
p222,p863
p222,p1645
p222,p1836
p223,p1002
p223,p1332
p224,p526
p224,p1123
p225,p730
p225,p1415
p225,p1691
p225,p1995
p226,p404
p226,p758
p226,p1757
p226,p1889
p227,p784
p227,p1286
p227,p1604
p228,p1228
p228,p1278
p228,p1619
p228,p1879
p229,p262
p229,p484
p229,p710
p229,p1712
p230,p318
p230,p413
p230,p809
p230,p1766
p231,p817
p231,p1033
p231,p1272
p231,p1504
p232,p527
p232,p1735
p232,p1773
p232,p1883
p233,p344
p233,p1300
p234,p479
p234,p1296
p234,p1404
p234,p1668
p234,p1902
p235,p287
p235,p581
p236,p411
p236,p539
p236,p1576
p237,p407
p237,p531
p237,p768
p237,p1307
p237,p1497
p237,p1630
p238,p454
p238,p1078
p239,p374
p239,p1162
p239,p1245
p239,p1779
p240,p276
p240,p1700
p240,p1912
p241,p693
p241,p776
p241,p1373
p242,p787
p242,p1369
p243,p678
p243,p703
p244,p612
p245,p1374
p245,p1733
p245,p1820
p246,p476
p246,p522
p246,p1852
p246,p1940
p247,p677
p247,p1503
p247,p1566
p248,p1371
p249,p356
p249,p413
p249,p550
p249,p869
p250,p1068
p250,p1642
p251,p1202
p251,p1390
p251,p1964
p252,p636
p252,p1266
p252,p1861
p253,p370
p253,p477
p253,p966
p253,p1414
p253,p1757
p254,p601
p254,p1165
p254,p1329
p255,p610
p255,p785
p255,p946
p255,p1023
p256,p497
p256,p1277
p256,p1764
p256,p1871
p257,p920
p257,p1059
p258,p459
p258,p576
p258,p749
p258,p1396
p259,p1054
p259,p1337
p260,p597
p260,p638
p260,p791
p260,p1468
p261,p796
p261,p837
p262,p295
p262,p1712
p263,p306
p263,p567
p263,p796
p263,p837
p263,p1266
p264,p433
p264,p596
p264,p1315
p264,p1787
p265,p1148
p265,p1208
p265,p1667
p266,p592
p266,p1909
p267,p693
p267,p1966
p268,p323
p268,p1572
p269,p391
p269,p488
p269,p1180
p269,p1977
p270,p912
p270,p1006
p270,p1698
p271,p1007
p271,p1140
p271,p1327
p272,p902
p273,p759
p273,p763
p273,p985
p274,p553
p274,p1632
p275,p539
p275,p1271
p275,p1676
p276,p1151
p276,p1700
p276,p1984
p277,p686
p277,p851
p277,p1666
p277,p1825
p277,p1927
p278,p279
p278,p1018
p278,p1076
p279,p731
p279,p1398
p280,p300
p280,p478
p280,p1183
p280,p1243
p280,p1751
p281,p700
p281,p1331
p281,p1743
p282,p311
p282,p1661
p283,p711
p283,p1023
p283,p1057
p283,p1669
p284,p797
p284,p1061
p284,p1427
p285,p838
p285,p1035
p285,p1102
p286,p1065
p286,p1457
p287,p792
p288,p1055
p288,p1382
p288,p1878
p289,p394
p289,p692
p289,p1815
p290,p335
p290,p468
p290,p1051
p291,p386
p291,p949
p291,p1899
p292,p644
p292,p818
p292,p833
p292,p930
p292,p945
p292,p1447
p292,p1935
p293,p332
p293,p969
p293,p1273
p294,p404
p294,p474
p294,p1069
p295,p1231
p295,p1649
p296,p942
p296,p1210
p296,p1501
p296,p1719
p296,p1979
p297,p690
p297,p1340
p297,p1814
p298,p545
p298,p575
p298,p1856
p299,p1475
p299,p1533
p300,p478
p300,p564
p300,p614
p300,p1137
p301,p339
p301,p750
p301,p774
p301,p1551
p302,p1880
p303,p505
p303,p757
p303,p991
p303,p1157
p303,p1610
p303,p1819
p304,p311
p304,p375
p304,p1444
p305,p924
p305,p928
p305,p1045
p306,p567
p306,p837
p306,p888
p306,p1286
p307,p463
p307,p577
p307,p948
p308,p830
p308,p1586
p309,p639
p310,p1140
p310,p1147
p310,p1238
p311,p375
p312,p354
p312,p544
p312,p704
p312,p1956
p313,p324
p313,p1269
p313,p1413
p313,p1914
p314,p951
p314,p1054
p314,p1107
p314,p1461
p314,p1589
p315,p323
p315,p1435
p315,p1853
p316,p609
p316,p847
p316,p1355
p316,p1811
p317,p885
p317,p1179
p317,p1610
p317,p1819
p318,p501
p318,p1634
p319,p516
p319,p668
p319,p748
p319,p982
p319,p1894
p320,p422
p320,p459
p320,p570
p320,p749
p321,p910
p321,p1377
p321,p1518
p321,p1898
p322,p460
p322,p649
p322,p843
p322,p1713
p322,p1948
p323,p1159
p324,p526
p324,p690
p324,p1269
p325,p498
p325,p773
p325,p861
p325,p1298
p325,p1787
p326,p1214
p326,p1511
p326,p1640
p327,p653
p327,p709
p327,p1777
p328,p1284
p328,p1397
p328,p1721
p329,p578
p329,p589
p330,p1077
p330,p1164
p330,p1578
p330,p1722
p331,p555
p331,p637
p331,p764
p331,p1050
p331,p1716
p332,p580
p332,p969
p332,p1014
p332,p1273
p332,p1542
p333,p1915
p334,p1213
p335,p468
p335,p1588
p335,p1933
p336,p438
p336,p1177
p336,p1365
p336,p1920
p336,p1970
p337,p1535
p337,p1621
p338,p486
p338,p1158
p338,p1213
p338,p1371
p339,p925
p339,p1522
p340,p1003
p340,p1344
p340,p1983
p341,p1603
p341,p1786
p342,p1069
p342,p1070
p343,p1523
p343,p1949
p343,p1978
p344,p477
p344,p1462
p345,p884
p345,p1364
p345,p1677
p345,p1778
p346,p858
p346,p1019
p346,p1173
p346,p1445
p347,p1035
p347,p1131
p347,p1486
p347,p1758
p348,p929
p348,p1656
p349,p737
p349,p807
p349,p1581
p349,p1686
p350,p1005
p350,p1135
p350,p1502
p351,p353
p351,p1103
p351,p1468
p351,p1744
p352,p384
p352,p1104
p352,p1288
p352,p1554
p352,p1657
p352,p1771
p353,p1103
p353,p1267
p353,p1468
p354,p1167
p354,p1516
p354,p1937
p355,p486
p355,p965
p355,p1182
p356,p1999
p357,p708
p357,p1092
p357,p1094
p358,p1303
p359,p735
p359,p1417
p359,p1971
p360,p435
p360,p627
p361,p1086
p361,p1453
p362,p1879
p362,p1960
p363,p416
p363,p434
p363,p500
p364,p558
p364,p1025
p364,p1073
p364,p1757
p365,p631
p365,p1091
p366,p524
p366,p824
p366,p1330
p366,p1966
p367,p496
p367,p751
p368,p1268
p368,p1869
p369,p453
p369,p668
p369,p702
p369,p748
p369,p1259
p369,p1567
p370,p873
p370,p1073
p370,p1414
p371,p1428
p371,p1459
p371,p1535
p371,p1858
p372,p492
p372,p970
p372,p1754
p373,p582
p373,p1090
p374,p1162
p374,p1245
p374,p1467
p374,p1471
p375,p546
p375,p1032
p375,p1528
p376,p452
p376,p1530
p377,p462
p377,p1437
p377,p1592
p378,p539
p378,p1351
p378,p1576
p379,p750
p379,p755
p379,p1595
p379,p1650
p380,p1006
p380,p1172
p380,p1283
p380,p1984
p381,p508
p381,p811
p382,p1391
p382,p1738
p383,p415
p383,p656
p383,p1138
p383,p1952
p384,p474
p384,p1384
p385,p681
p385,p1282
p385,p1812
p386,p388
p386,p1219
p386,p1740
p387,p790
p387,p1135
p387,p1249
p387,p1726
p387,p1850
p388,p1066
p388,p1131
p388,p1740
p389,p556
p389,p655
p389,p911
p389,p1346
p390,p412
p390,p1514
p390,p1657
p390,p1663
p391,p483
p391,p1977
p392,p806
p392,p1570
p393,p528
p393,p1173
p393,p1381
p394,p990
p394,p1992
p395,p947
p395,p1418
p395,p1845
p396,p483
p396,p1322
p397,p626
p397,p1435
p398,p595
p398,p1218
p398,p1253
p398,p1315
p399,p644
p399,p818
p399,p1494
p400,p645
p400,p976
p400,p1067
p401,p1658
p401,p1986
p402,p428
p402,p470
p402,p1110
p403,p658
p403,p1464
p403,p1700
p404,p1460
p405,p513
p405,p659
p405,p819
p405,p1730
p406,p1012
p406,p1622
p406,p1658
p406,p1821
p407,p1307
p407,p1325
p408,p467
p408,p656
p408,p1138
p408,p1509
p409,p873
p409,p1041
p409,p1414
p409,p1761
p409,p1767
p410,p619
p410,p1146
p411,p1161
p412,p1381
p412,p1657
p413,p629
p414,p676
p414,p743
p415,p1138
p415,p1242
p415,p1539
p416,p1747
p417,p955
p417,p1720
p418,p509
p418,p1644
p418,p1672
p419,p626
p419,p1056
p420,p549
p420,p1143
p420,p1886
p420,p1982
p421,p581
p422,p459
p422,p819
p422,p983
p422,p1770
p422,p1808
p423,p791
p423,p1085
p423,p1325
p423,p1468
p423,p1744
p424,p445
p424,p536
p424,p848
p424,p1213
p424,p1371
p425,p676
p425,p877
p425,p1334
p425,p1361
p426,p895
p426,p1642
p427,p490
p427,p939
p427,p1028
p428,p470
p428,p1729
p429,p1695
p429,p1861
p430,p1588
p430,p1965
p430,p1997
p431,p469
p431,p609
p432,p469
p432,p733
p432,p1499
p433,p1178
p433,p1656
p433,p1890
p434,p1419
p434,p1559
p434,p1896
p435,p523
p435,p1284
p436,p1123
p436,p1211
p436,p1420
p437,p1457
p438,p962
p438,p1103
p438,p1382
p438,p1920
p439,p446
p439,p508
p439,p871
p439,p1012
p440,p572
p440,p1324
p440,p1515
p440,p1800
p441,p613
p441,p1668
p441,p1930
p442,p761
p442,p1180
p442,p1185
p442,p1270
p442,p1846
p443,p1804
p444,p1362
p444,p1514
p444,p1661
p445,p711
p445,p848
p445,p1244
p445,p1895
p446,p590
p446,p871
p447,p489
p447,p1202
p447,p1782
p448,p643
p448,p1603
p448,p1824
p448,p1919
p449,p605
p449,p1492
p449,p1627
p450,p517
p450,p637
p450,p1478
p450,p1994
p451,p660
p451,p896
p451,p1338
p451,p1929
p452,p935
p452,p1495
p452,p1616
p452,p1849
p453,p702
p453,p812
p453,p1259
p453,p1602
p454,p978
p454,p1584
p455,p1106
p455,p1347
p455,p1614
p455,p1788
p456,p509
p456,p1596
p456,p1882
p457,p597
p457,p743
p457,p1479
p457,p1931
p458,p1004
p458,p1611
p458,p1785
p459,p576
p459,p731
p459,p983
p460,p585
p460,p649
p461,p829
p461,p1968
p462,p630
p462,p740
p462,p1122
p463,p1470
p464,p556
p464,p655
p464,p1525
p464,p1729
p465,p554
p465,p1086
p465,p1955
p466,p519
p466,p988
p466,p1636
p467,p535
p467,p1500
p467,p1509
p468,p1965
p470,p1110
p471,p1225
p471,p1290
p472,p899
p472,p1306
p473,p574
p473,p803
p473,p996
p474,p1069
p474,p1384
p474,p1569
p475,p547
p475,p621
p475,p1477
p476,p753
p476,p1906
p477,p966
p477,p1889
p478,p1063
p478,p1243
p479,p1296
p479,p1404
p480,p602
p480,p1553
p481,p674
p481,p1482
p482,p803
p482,p1522
p482,p1648
p483,p792
p483,p1977
p484,p710
p484,p909
p484,p1335
p484,p1554
p485,p592
p485,p1160
p485,p1689
p485,p1769
p485,p1780
p486,p1158
p487,p1430
p487,p1523
p487,p1839
p487,p1949
p488,p1180
p489,p741
p489,p760
p489,p919
p489,p1202
p489,p1248
p489,p1379
p489,p1964
p490,p939
p490,p1347
p491,p590
p491,p727
p491,p805
p492,p836
p492,p1679
p493,p527
p493,p804
p493,p1182
p493,p1285
p493,p1310
p493,p1773
p494,p742
p494,p1681
p494,p1727
p495,p689
p495,p989
p495,p1474
p496,p1958
p497,p1684
p497,p1926
p498,p557
p498,p845
p498,p861
p498,p1298
p499,p538
p499,p1203
p499,p1236
p500,p1077
p500,p1419
p501,p665
p502,p1093
p502,p1730
p502,p1873
p503,p560
p503,p1083
p504,p639
p504,p880
p504,p1747
p505,p844
p505,p1270
p506,p572
p506,p672
p506,p1698
p507,p856
p507,p953
p507,p1590
p507,p1733
p507,p1910
p508,p811
p509,p854
p510,p963
p510,p971
p510,p1801
p511,p1313
p511,p1372
p511,p1742
p511,p1779
p512,p579
p513,p516
p513,p1873
p513,p1894
p514,p615
p514,p647
p514,p1375
p516,p668
p516,p1894
p517,p637
p517,p1478
p517,p1950
p518,p1056
p518,p1804
p518,p1852
p518,p1925
p518,p1931
p518,p1940
p519,p813
p519,p1636
p520,p697
p520,p698
p520,p849
p520,p1508
p521,p1426
p521,p1484
p521,p1737
p522,p734
p522,p753
p522,p851
p523,p1284
p523,p1314
p523,p1570
p524,p1732
p524,p1884
p525,p577
p525,p984
p525,p1643
p525,p1683
p526,p722
p526,p1814
p527,p1450
p527,p1773
p528,p1362
p528,p1661
p529,p798
p529,p1520
p529,p1606
p530,p809
p530,p1328
p530,p1766
p531,p1497
p531,p1959
p531,p1993
p532,p639
p532,p941
p532,p1747
p533,p719
p533,p1778
p533,p1781
p534,p626
p534,p1056
p534,p1435
p534,p1871
p535,p630
p535,p1138
p535,p1548
p536,p1213
p537,p1639
p537,p1860
p537,p1886
p538,p895
p539,p1576
p540,p679
p540,p1111
p540,p1454
p540,p1687
p540,p1837
p541,p832
p541,p1281
p541,p1385
p541,p1936
p543,p645
p543,p976
p543,p1082
p543,p1811
p544,p650
p544,p928
p544,p1167
p545,p575
p545,p586
p546,p1528
p547,p1452
p547,p1774
p548,p602
p548,p1704
p549,p1005
p549,p1502
p549,p1886
p549,p1982
p550,p1708
p550,p1964
p551,p566
p551,p1240
p552,p780
p552,p800
p552,p956
p552,p1598
p552,p1647
p553,p1632
p553,p1956
p554,p1688
p554,p1765
p554,p1955
p555,p1050
p555,p1368
p556,p911
p556,p1525
p557,p861
p557,p950
p558,p967
p559,p1011
p559,p1095
p559,p1423
p559,p1652
p559,p1908
p560,p1231
p560,p1662
p561,p1063
p561,p1798
p562,p1072
p562,p1316
p562,p1506
p563,p613
p563,p1524
p563,p1557
p564,p614
p564,p683
p564,p828
p565,p965
p565,p1285
p565,p1916
p566,p713
p567,p1266
p567,p1818
p568,p1409
p568,p1654
p569,p802
p569,p1356
p569,p1546
p570,p580
p570,p749
p570,p1808
p571,p1171
p571,p1353
p573,p612
p573,p736
p573,p1543
p573,p1817
p573,p1955
p573,p1969
p574,p803
p574,p1184
p574,p1317
p574,p1581
p575,p586
p575,p599
p575,p1780
p575,p1830
p576,p1396
p577,p1407
p577,p1615
p578,p589
p578,p625
p578,p861
p579,p1486
p579,p1740
p580,p969
p580,p1074
p580,p1352
p580,p1808
p581,p1392
p582,p1725
p583,p1476
p583,p1855
p584,p672
p584,p1619
p585,p871
p586,p1447
p586,p1872
p587,p776
p587,p1988
p588,p1422
p588,p1990
p589,p773
p590,p1948
p591,p1047
p591,p1706
p592,p1715
p593,p769
p593,p875
p593,p1141
p594,p1081
p594,p1175
p594,p1829
p596,p1466
p597,p1804
p597,p1931
p598,p1001
p598,p1034
p598,p1055
p598,p1851
p598,p1878
p599,p1494
p599,p1715
p599,p1872
p600,p1036
p600,p1168
p601,p1200
p602,p606
p602,p1553
p602,p1704
p603,p919
p603,p1782
p604,p783
p604,p1251
p604,p1565
p604,p1718
p605,p691
p605,p1290
p605,p1434
p605,p1492
p605,p1745
p606,p701
p606,p1498
p606,p1978
p607,p657
p607,p875
p607,p1235
p607,p1943
p607,p1944
p608,p1670
p609,p1355
p610,p1057
p611,p929
p611,p1488
p612,p1817
p612,p1969
p613,p1557
p614,p828
p614,p907
p614,p1751
p615,p636
p615,p852
p615,p1861
p616,p746
p616,p1395
p616,p1457
p617,p1343
p618,p755
p618,p1100
p618,p1551
p618,p1595
p620,p1396
p620,p1579
p620,p1870
p621,p1452
p622,p852
p622,p1309
p622,p1850
p623,p765
p623,p1353
p623,p1841
p624,p797
p624,p1059
p624,p1155
p624,p1690
p625,p808
p625,p994
p627,p1166
p628,p835
p628,p1338
p628,p1929
p629,p1002
p629,p1029
p629,p1649
p630,p1122
p630,p1363
p630,p1548
p631,p1149
p631,p1686
p632,p1631
p632,p1839
p633,p889
p633,p1378
p634,p1368
p634,p1693
p635,p1028
p635,p1304
p635,p1881
p636,p647
p637,p764
p638,p743
p638,p877
p638,p1468
p638,p1678
p640,p839
p640,p880
p640,p1106
p640,p1230
p641,p715
p641,p757
p641,p1294
p641,p1401
p642,p806
p642,p853
p642,p1153
p642,p1200
p642,p1568
p643,p1603
p643,p1919
p644,p1386
p644,p1587
p645,p1950
p646,p1532
p646,p1646
p646,p1794
p648,p725
p648,p903
p649,p1057
p649,p1669
p649,p1713
p650,p1834
p651,p756
p651,p1175
p651,p1750
p652,p997
p652,p1838
p653,p1179
p654,p1019
p654,p1326
p654,p1659
p655,p923
p655,p1341
p655,p1378
p655,p1991
p656,p1138
p656,p1533
p656,p1628
p657,p1513
p657,p1623
p657,p1943
p659,p819
p659,p1730
p661,p1816
p661,p1915
p662,p1412
p662,p1913
p662,p1937
p663,p669
p663,p1714
p664,p682
p664,p1455
p664,p1536
p664,p1559
p665,p1029
p666,p745
p666,p789
p666,p970
p666,p1799
p667,p994
p667,p1369
p668,p827
p668,p1567
p669,p1075
p669,p1512
p670,p694
p670,p1021
p670,p1276
p670,p1411
p671,p1342
p671,p1379
p671,p1607
p671,p1893
p672,p1517
p672,p1556
p672,p1698
p673,p964
p673,p1469
p674,p868
p674,p1222
p674,p1753
p675,p780
p675,p901
p675,p906
p675,p1237
p675,p1547
p676,p1361
p677,p866
p677,p1566
p677,p1983
p678,p1258
p678,p1682
p679,p1014
p679,p1038
p679,p1454
p679,p1542
p679,p1823
p680,p1621
p680,p1888
p680,p1916
p681,p1058
p681,p1282
p681,p1786
p682,p1559
p682,p1899
p683,p828
p683,p1194
p684,p689
p684,p1081
p684,p1736
p685,p761
p685,p1305
p686,p1306
p686,p1927
p687,p714
p687,p771
p687,p882
p687,p1150
p687,p1483
p687,p1484
p688,p1120
p688,p1145
p688,p1629
p688,p1867
p689,p1144
p689,p1474
p689,p1762
p690,p1292
p690,p1914
p691,p1620
p691,p1836
p691,p1876
p692,p1321
p692,p1403
p692,p1992
p693,p1966
p694,p1021
p694,p1074
p694,p1350
p694,p1352
p695,p742
p695,p789
p695,p842
p695,p1126
p695,p1704
p696,p1223
p696,p1482
p696,p1807
p696,p1980
p697,p849
p697,p942
p697,p1979
p698,p862
p698,p1979
p699,p1320
p699,p1351
p699,p1984
p700,p1101
p700,p1743
p701,p1370
p701,p1458
p701,p1498
p701,p1967
p702,p812
p702,p1129
p702,p1567
p703,p1181
p703,p1638
p704,p850
p704,p1632
p704,p1739
p704,p1956
p705,p1537
p705,p1723
p706,p868
p706,p1068
p706,p1289
p706,p1424
p707,p896
p707,p1163
p707,p1605
p707,p1929
p708,p793
p708,p1094
p709,p1409
p709,p1756
p710,p858
p710,p869
p710,p1105
p710,p1659
p710,p1712
p711,p1023
p711,p1244
p711,p1268
p712,p899
p712,p1626
p713,p801
p714,p771
p714,p985
p714,p1233
p714,p1484
p715,p757
p715,p846
p715,p936
p715,p991
p716,p1370
p716,p1827
p717,p826
p717,p978
p718,p1256
p718,p1265
p719,p735
p719,p1724
p720,p1397
p720,p1429
p720,p1699
p721,p1128
p721,p1160
p721,p1487
p721,p1547
p722,p794
p722,p1573
p723,p1348
p723,p1398
p724,p1359
p724,p1535
p724,p1664
p725,p1375
p725,p1667
p726,p1224
p726,p1538
p727,p1988
p728,p1119
p728,p1859
p729,p1188
p729,p1439
p729,p1594
p730,p1212
p730,p1995
p731,p983
p732,p867
p732,p1230
p732,p1902
p732,p1930
p733,p1289
p734,p767
p734,p1810
p735,p1245
p735,p1417
p736,p1291
p736,p1387
p736,p1608
p736,p1817
p736,p1955
p737,p1631
p737,p1686
p738,p933
p739,p832
p739,p993
p739,p1377
p740,p1176
p740,p1592
p741,p760
p741,p1964
p743,p877
p744,p1134
p744,p1725
p745,p886
p745,p1430
p746,p801
p746,p1240
p746,p1457
p747,p1634
p747,p1636
p747,p1923
p748,p982
p748,p1259
p749,p1074
p750,p1053
p750,p1255
p750,p1551
p750,p1595
p751,p1891
p751,p1958
p752,p891
p752,p1080
p753,p851
p753,p1048
p754,p975
p754,p1443
p755,p1586
p755,p1595
p755,p1865
p756,p874
p756,p1114
p757,p991
p757,p1597
p758,p979
p758,p1079
p758,p1577
p759,p1233
p759,p1790
p760,p975
p760,p1226
p760,p1248
p761,p1180
p761,p1846
p762,p1231
p762,p1332
p762,p1866
p763,p834
p763,p1134
p763,p1989
p764,p972
p764,p1716
p765,p1047
p765,p1653
p766,p1366
p766,p1910
p767,p768
p767,p1810
p767,p1833
p768,p781
p768,p922
p768,p1833
p769,p917
p769,p1809
p770,p918
p770,p1090
p770,p1790
p771,p1233
p772,p982
p772,p1088
p772,p1152
p772,p1360
p772,p1974
p773,p897
p774,p1111
p774,p1837
p774,p1939
p775,p1459
p775,p1858
p776,p1835
p777,p1805
p778,p1117
p778,p1192
p778,p1856
p779,p929
p779,p1290
p779,p1855
p779,p1904
p780,p800
p780,p906
p780,p1547
p781,p1046
p781,p1793
p782,p1052
p782,p1952
p782,p1962
p782,p1963
p783,p933
p783,p1718
p784,p1519
p784,p1752
p784,p1987
p785,p1311
p785,p1408
p785,p1748
p785,p1776
p786,p1433
p786,p1529
p786,p1972
p787,p1463
p787,p1680
p788,p1406
p788,p1436
p789,p1196
p789,p1799
p790,p1135
p790,p1249
p793,p1094
p793,p1291
p794,p1269
p794,p1573
p795,p800
p795,p1580
p795,p1812
p797,p831
p797,p1061
p798,p1415
p798,p1437
p798,p1520
p799,p1886
p799,p1996
p800,p906
p800,p1812
p801,p1775
p802,p1356
p802,p1580
p802,p1600
p803,p1317
p803,p1648
p804,p1738
p804,p1773
p805,p1948
p806,p853
p806,p1153
p806,p1314
p807,p996
p807,p1648
p808,p1033
p808,p1848
p808,p1885
p809,p1328
p809,p1634
p809,p1766
p809,p1923
p810,p1262
p810,p1617
p810,p1892
p811,p1433
p811,p1972
p812,p1602
p812,p1652
p812,p1908
p814,p1328
p815,p1338
p815,p1563
p815,p1680
p816,p1027
p816,p1605
p817,p1504
p817,p1798
p818,p1872
p820,p833
p820,p945
p821,p1651
p822,p1703
p822,p1932
p823,p841
p823,p1754
p823,p1840
p824,p1330
p824,p1358
p824,p1741
p825,p1402
p825,p1926
p825,p1938
p826,p1756
p827,p1279
p827,p1567
p828,p1020
p829,p1394
p829,p1909
p830,p856
p830,p1261
p831,p1507
p831,p1791
p832,p993
p832,p1301
p833,p989
p833,p1829
p833,p1935
p834,p840
p834,p985
p834,p1989
p835,p1027
p835,p1980
p837,p1286
p838,p1102
p838,p1164
p839,p880
p840,p1132
p840,p1339
p840,p1989
p841,p1760
p842,p1196
p842,p1857
p843,p1797
p843,p1948
p844,p957
p844,p1416
p844,p1717
p845,p1298
p846,p957
p846,p1431
p846,p1456
p846,p1717
p847,p1112
p848,p1071
p848,p1136
p849,p894
p849,p1146
p849,p1508
p850,p891
p851,p1048
p852,p1594
p854,p1596
p854,p1647
p855,p1039
p855,p1287
p855,p1557
p856,p953
p856,p1261
p857,p1934
p858,p1019
p858,p1105
p858,p1173
p858,p1659
p859,p1554
p859,p1662
p860,p1157
p860,p1185
p860,p1270
p862,p1075
p862,p1210
p862,p1714
p863,p1442
p863,p1679
p863,p1836
p865,p1331
p865,p1500
p865,p1628
p866,p1449
p866,p1503
p866,p1599
p867,p880
p867,p1039
p867,p1230
p868,p1289
p868,p1710
p868,p1753
p869,p1659
p869,p1712
p870,p899
p870,p981
p870,p1204
p870,p1217
p870,p1306
p871,p1954
p872,p1087
p872,p1746
p872,p1843
p873,p1942
p874,p1109
p874,p1114
p874,p1505
p875,p1405
p875,p1513
p876,p1000
p876,p1096
p876,p1393
p877,p1334
p877,p1376
p878,p1015
p878,p1171
p878,p1562
p879,p1083
p879,p1104
p879,p1545
p881,p1197
p881,p1692
p881,p1936
p882,p1150
p882,p1696
p883,p1003
p883,p1251
p883,p1627
p884,p1259
p884,p1364
p885,p1179
p885,p1597
p885,p1610
p885,p1777
p886,p970
p886,p1430
p886,p1574
p887,p1144
p887,p1696
p887,p1960
p888,p1286
p888,p1604
p889,p938
p889,p1991
p890,p1244
p890,p1575
p890,p1633
p890,p1776
p892,p1355
p892,p1961
p893,p1218
p893,p1253
p893,p1280
p893,p1890
p894,p1146
p894,p1584
p895,p1994
p896,p1163
p896,p1763
p896,p1885
p897,p926
p897,p1045
p897,p1787
p898,p1284
p900,p1585
p900,p1900
p901,p1128
p901,p1237
p902,p1076
p902,p1374
p902,p1985
p903,p1148
p903,p1169
p903,p1312
p903,p1667
p904,p1302
p904,p1534
p905,p940
p905,p971
p905,p1009
p906,p1237
p906,p1356
p907,p1751
p908,p1013
p908,p1184
p908,p1317
p909,p1335
p909,p1554
p909,p1657
p910,p1067
p910,p1518
p911,p1792
p912,p1006
p912,p1324
p912,p1544
p913,p934
p913,p1448
p914,p954
p914,p1203
p915,p986
p915,p1660
p915,p1734
p915,p1869
p916,p1660
p917,p1141
p917,p1552
p917,p1809
p918,p1016
p918,p1090
p919,p1782
p920,p1706
p921,p932
p921,p942
p921,p1294
p921,p1418
p921,p1501
p922,p1046
p922,p1497
p923,p1341
p923,p1729
p924,p1017
p924,p1178
p925,p1255
p925,p1522
p925,p1702
p925,p1947
p926,p1178
p926,p1787
p927,p1051
p927,p1181
p927,p1282
p927,p1933
p928,p1463
p928,p1956
p929,p1241
p930,p1175
p930,p1587
p930,p1935
p932,p942
p932,p947
p932,p1418
p933,p1681
p934,p1211
p934,p1420
p934,p1638
p935,p1257
p935,p1841
p935,p1849
p936,p1294
p936,p1501
p936,p1719
p937,p1529
p939,p1028
p939,p1106
p939,p1347
p941,p995
p941,p1578
p941,p1747
p943,p950
p944,p1827
p945,p1447
p945,p1709
p946,p1622
p946,p1862
p946,p1954
p947,p978
p948,p1683
p949,p1066
p949,p1491
p950,p1504
p951,p952
p951,p1323
p953,p1733
p953,p1820
p954,p1655
p956,p1596
p956,p1598
p957,p991
p957,p1717
p958,p1310
p958,p1738
p958,p1758
p958,p1888
p959,p1201
p959,p1473
p959,p1519
p959,p1755
p960,p967
p960,p1142
p960,p1214
p961,p1413
p961,p1875
p961,p1940
p962,p1591
p962,p1796
p963,p1051
p964,p1118
p964,p1701
p965,p1705
p965,p1916
p966,p1414
p966,p1767
p968,p1564
p969,p1121
p970,p1799
p971,p1009
p972,p1506
p972,p1716
p972,p1998
p973,p1059
p973,p1485
p973,p1532
p973,p1690
p973,p1706
p974,p1746
p974,p1915
p975,p1226
p976,p1903
p977,p1565
p977,p1727
p979,p1079
p979,p1127
p979,p1577
p980,p1425
p980,p1455
p980,p1881
p981,p1130
p981,p1217
p981,p1247
p982,p1360
p982,p1389
p982,p1894
p983,p1770
p984,p1493
p984,p1683
p985,p1233
p986,p1125
p987,p993
p987,p1072
p987,p1301
p987,p1998
p988,p1008
p988,p1530
p988,p1636
p989,p1829
p992,p1372
p992,p1493
p992,p1496
p992,p1643
p993,p1301
p993,p1518
p994,p1045
p994,p1848
p995,p1747
p996,p1581
p998,p1301
p998,p1385
p998,p1388
p998,p1594
p998,p1695
p999,p1209
p999,p1635
p1000,p1936
p1001,p1034
p1001,p1293
p1002,p1029
p1002,p1649
p1003,p1251
p1004,p1118
p1004,p1131
p1004,p1701
p1005,p1502
p1005,p1886
p1005,p1996
p1006,p1042
p1006,p1283
p1006,p1544
p1007,p1127
p1007,p1142
p1008,p1530
p1008,p1636
p1008,p1923
p1009,p1600
p1010,p1334
p1010,p1361
p1010,p1452
p1010,p1572
p1010,p1774
p1010,p1897
p1011,p1358
p1011,p1741
p1011,p1884
p1012,p1433
p1012,p1954
p1013,p1317
p1013,p1454
p1013,p1687
p1014,p1352
p1014,p1542
p1015,p1206
p1015,p1826
p1016,p1115
p1016,p1709
p1017,p1178
p1017,p1656
p1017,p1834
p1018,p1076
p1019,p1326
p1020,p1236
p1021,p1038
p1021,p1352
p1022,p1238
p1022,p1321
p1023,p1311
p1024,p1113
p1024,p1308
p1024,p1864
p1025,p1127
p1025,p1577
p1026,p1104
p1026,p1319
p1026,p1545
p1026,p1771
p1030,p1124
p1030,p1778
p1030,p1781
p1030,p1806
p1030,p1854
p1031,p1426
p1031,p1483
p1031,p1696
p1031,p1879
p1032,p1318
p1032,p1528
p1033,p1272
p1033,p1504
p1033,p1885
p1034,p1293
p1034,p1637
p1034,p1878
p1035,p1486
p1036,p1183
p1036,p1243
p1037,p1760
p1037,p1775
p1038,p1411
p1038,p1685
p1038,p1823
p1039,p1557
p1040,p1779
p1041,p1186
p1041,p1214
p1041,p1761
p1041,p1928
p1041,p1942
p1042,p1283
p1042,p1556
p1043,p1319
p1043,p1569
p1044,p1630
p1044,p1665
p1044,p1925
p1046,p1927
p1047,p1257
p1048,p1666
p1048,p1906
p1049,p1069
p1049,p1564
p1050,p1994
p1051,p1801
p1052,p1720
p1052,p1792
p1052,p1962
p1053,p1558
p1053,p1650
p1053,p1670
p1054,p1107
p1055,p1490
p1055,p1617
p1056,p1549
p1056,p1931
p1056,p1940
p1058,p1099
p1058,p1199
p1060,p1160
p1060,p1472
p1060,p1647
p1060,p1769
p1061,p1155
p1061,p1427
p1062,p1097
p1062,p1229
p1062,p1539
p1062,p1815
p1063,p1137
p1064,p1193
p1064,p1428
p1065,p1574
p1066,p1118
p1067,p1903
p1067,p1998
p1068,p1753
p1069,p1569
p1071,p1136
p1071,p1842
p1074,p1350
p1074,p1352
p1075,p1508
p1075,p1512
p1078,p1584
p1078,p1907
p1079,p1564
p1080,p1937
p1081,p1175
p1082,p1355
p1082,p1903
p1082,p1961
p1083,p1104
p1083,p1288
p1083,p1297
p1083,p1662
p1084,p1115
p1084,p1711
p1085,p1293
p1085,p1959
p1087,p1320
p1087,p1918
p1088,p1894
p1088,p1974
p1089,p1287
p1090,p1790
p1091,p1581
p1092,p1477
p1092,p1560
p1092,p1796
p1093,p1585
p1093,p1730
p1093,p1808
p1094,p1291
p1094,p1387
p1095,p1583
p1095,p1612
p1095,p1652
p1095,p1724
p1096,p1393
p1096,p1772
p1097,p1242
p1097,p1815
p1097,p1963
p1098,p1181
p1098,p1258
p1098,p1465
p1098,p1933
p1099,p1181
p1099,p1282
p1100,p1685
p1100,p1939
p1101,p1860
p1103,p1382
p1103,p1878
p1104,p1288
p1104,p1771
p1105,p1335
p1106,p1347
p1107,p1664
p1107,p1838
p1108,p1246
p1108,p1313
p1108,p1336
p1108,p1471
p1108,p1561
p1109,p1114
p1109,p1386
p1109,p1394
p1109,p1909
p1110,p1772
p1111,p1317
p1111,p1687
p1112,p1432
p1113,p1156
p1113,p1438
p1113,p1450
p1113,p1735
p1114,p1587
p1115,p1480
p1115,p1711
p1116,p1300
p1116,p1318
p1116,p1528
p1117,p1128
p1117,p1192
p1117,p1487
p1117,p1703
p1118,p1131
p1119,p1534
p1120,p1320
p1120,p1783
p1120,p1867
p1121,p1808
p1121,p1900
p1122,p1437
p1122,p1520
p1122,p1548
p1123,p1814
p1124,p1571
p1124,p1806
p1124,p1971
p1125,p1133
p1125,p1734
p1125,p1768
p1126,p1345
p1126,p1799
p1127,p1142
p1128,p1674
p1128,p1703
p1129,p1209
p1129,p1635
p1130,p1247
p1131,p1486
p1131,p1740
p1132,p1339
p1132,p1831
p1133,p1669
p1133,p1768
p1133,p1797
p1134,p1725
p1134,p1989
p1135,p1531
p1136,p1895
p1138,p1539
p1139,p1145
p1139,p1165
p1139,p1329
p1139,p1629
p1141,p1944
p1143,p1822
p1143,p1924
p1143,p1982
p1144,p1696
p1144,p1762
p1144,p1960
p1145,p1629
p1145,p1783
p1147,p1238
p1147,p1321
p1147,p1992
p1148,p1312
p1148,p1531
p1148,p1996
p1149,p1631
p1149,p1686
p1149,p1967
p1151,p1351
p1151,p1576
p1152,p1360
p1152,p1671
p1152,p1974
p1153,p1568
p1154,p1671
p1154,p1806
p1154,p1901
p1155,p1380
p1155,p1593
p1156,p1205
p1156,p1438
p1157,p1410
p1157,p1819
p1158,p1182
p1158,p1205
p1158,p1438
p1159,p1277
p1159,p1435
p1159,p1871
p1160,p1647
p1160,p1769
p1161,p1576
p1161,p1934
p1162,p1471
p1162,p1742
p1163,p1272
p1163,p1885
p1164,p1722
p1165,p1329
p1165,p1629
p1165,p1697
p1166,p1791
p1167,p1488
p1167,p1516
p1167,p1834
p1168,p1383
p1168,p1957
p1169,p1312
p1169,p1399
p1170,p1190
p1170,p1572
p1170,p1853
p1171,p1562
p1172,p1544
p1174,p1246
p1174,p1336
p1174,p1407
p1176,p1363
p1176,p1421
p1177,p1262
p1177,p1609
p1177,p1944
p1178,p1656
p1179,p1777
p1181,p1282
p1182,p1285
p1185,p1220
p1185,p1846
p1186,p1520
p1186,p1606
p1186,p1928
p1187,p1198
p1187,p1275
p1187,p1932
p1188,p1249
p1188,p1309
p1189,p1436
p1189,p1654
p1190,p1853
p1190,p1975
p1191,p1736
p1191,p1762
p1193,p1785
p1193,p1921
p1194,p1203
p1194,p1236
p1195,p1299
p1196,p1523
p1197,p1439
p1197,p1692
p1197,p1772
p1198,p1275
p1198,p1951
p1199,p1638
p1200,p1507
p1200,p1568
p1201,p1316
p1201,p1716
p1202,p1390
p1202,p1964
p1204,p1217
p1204,p1221
p1204,p1694
p1205,p1905
p1206,p1555
p1206,p1802
p1206,p1826
p1207,p1322
p1207,p1333
p1207,p1941
p1207,p1977
p1208,p1667
p1208,p1850
p1210,p1714
p1210,p1979
p1211,p1420
p1211,p1638
p1211,p1814
p1212,p1761
p1212,p1995
p1214,p1928
p1214,p1942
p1215,p1223
p1216,p1536
p1216,p1981
p1217,p1250
p1217,p1340
p1218,p1253
p1218,p1280
p1218,p1759
p1219,p1541
p1219,p1899
p1220,p1260
p1221,p1274
p1221,p1694
p1223,p1482
p1224,p1425
p1224,p1896
p1225,p1913
p1227,p1380
p1227,p1540
p1227,p1593
p1228,p1451
p1229,p1403
p1229,p1815
p1230,p1404
p1230,p1902
p1232,p1247
p1232,p1465
p1232,p1626
p1232,p1997
p1234,p1287
p1234,p1303
p1234,p1524
p1235,p1618
p1235,p1943
p1237,p1356
p1237,p1546
p1238,p1321
p1239,p1911
p1240,p1255
p1241,p1503
p1241,p1973
p1242,p1539
p1243,p1272
p1244,p1371
p1244,p1408
p1245,p1724
p1246,p1313
p1246,p1643
p1247,p1465
p1247,p1626
p1248,p1379
p1248,p1911
p1249,p1309
p1250,p1682
p1250,p1945
p1251,p1565
p1252,p1832
p1253,p1315
p1254,p1271
p1254,p1507
p1254,p1676
p1255,p1947
p1256,p1265
p1256,p1399
p1256,p1860
p1258,p1465
p1259,p1364
p1259,p1731
p1260,p1349
p1260,p1846
p1261,p1276
p1261,p1350
p1262,p1490
p1262,p1944
p1263,p1488
p1263,p1516
p1263,p1937
p1264,p1732
p1264,p1835
p1265,p1399
p1266,p1695
p1266,p1818
p1266,p1861
p1267,p1591
p1267,p1678
p1271,p1329
p1271,p1676
p1272,p1383
p1273,p1400
p1274,p1292
p1274,p1441
p1274,p1666
p1275,p1546
p1275,p1674
p1275,p1932
p1275,p1951
p1277,p1764
p1278,p1451
p1278,p1517
p1278,p1619
p1280,p1890
p1280,p1973
p1281,p1385
p1281,p1936
p1284,p1721
p1285,p1310
p1287,p1524
p1288,p1297
p1289,p1710
p1290,p1434
p1290,p1745
p1291,p1387
p1291,p1817
p1292,p1340
p1292,p1914
p1293,p1637
p1294,p1401
p1295,p1412
p1295,p1476
p1295,p1913
p1297,p1554
p1297,p1662
p1298,p1466
p1298,p1787
p1299,p1319
p1299,p1545
p1300,p1318
p1300,p1889
p1301,p1385
p1302,p1859
p1304,p1357
p1307,p1630
p1307,p1665
p1308,p1864
p1308,p1986
p1310,p1738
p1311,p1408
p1312,p1996
p1313,p1643
p1313,p1742
p1316,p1506
p1317,p1687
p1319,p1545
p1320,p1440
p1320,p1918
p1321,p1403
p1322,p1977
p1323,p1589
p1324,p1544
p1324,p1800
p1324,p1843
p1325,p1993
p1326,p1828
p1328,p1923
p1330,p1966
p1331,p1421
p1331,p1639
p1333,p1405
p1333,p1941
p1334,p1560
p1334,p1774
p1335,p1657
p1336,p1803
p1338,p1680
p1339,p1831
p1340,p1863
p1341,p1378
p1344,p1449
p1344,p1718
p1345,p1620
p1346,p1792
p1346,p1991
p1347,p1614
p1348,p1671
p1349,p1354
p1353,p1841
p1353,p1877
p1354,p1422
p1355,p1811
p1356,p1546
p1357,p1881
p1357,p1981
p1358,p1908
p1359,p1705
p1360,p1613
p1361,p1572
p1362,p1381
p1362,p1661
p1364,p1677
p1364,p1731
p1365,p1608
p1365,p1920
p1366,p1590
p1367,p1716
p1367,p1755
p1368,p1917
p1370,p1458
p1372,p1643
p1373,p1673
p1374,p1985
p1376,p1591
p1376,p1678
p1378,p1991
p1379,p1893
p1380,p1446
p1380,p1690
p1382,p1970
p1383,p1605
p1384,p1771
p1386,p1587
p1387,p1608
p1389,p1613
p1389,p1677
p1389,p1731
p1389,p1901
p1390,p1723
p1391,p1758
p1392,p1416
p1393,p1692
p1393,p1936
p1394,p1868
p1395,p1947
p1396,p1870
p1397,p1429
p1398,p1571
p1400,p1542
p1400,p1805
p1401,p1418
p1401,p1489
p1402,p1549
p1402,p1684
p1402,p1875
p1404,p1788
p1404,p1976
p1405,p1513
p1405,p1809
p1406,p1409
p1407,p1643
p1408,p1776
p1409,p1756
p1410,p1819
p1411,p1586
p1411,p1685
p1412,p1476
p1412,p1937
p1413,p1906
p1413,p1914
p1413,p1940
p1415,p1592
p1416,p1717
p1417,p1781
p1418,p1489
p1419,p1541
p1419,p1722
p1423,p1612
p1423,p1803
p1424,p1499
p1424,p1642
p1425,p1881
p1425,p1896
p1426,p1483
p1426,p1737
p1426,p1879
p1427,p1593
p1431,p1456
p1431,p1749
p1431,p1859
p1432,p1478
p1434,p1876
p1435,p1975
p1436,p1654
p1438,p1450
p1441,p1666
p1441,p1906
p1441,p1914
p1442,p1679
p1442,p1799
p1442,p1836
p1443,p1828
p1444,p1663
p1445,p1625
p1446,p1532
p1446,p1690
p1447,p1709
p1448,p1824
p1449,p1599
p1450,p1735
p1451,p1517
p1451,p1556
p1451,p1922
p1452,p1897
p1453,p1543
p1453,p1955
p1454,p1805
p1455,p1559
p1456,p1859
p1458,p1553
p1458,p1827
p1459,p1535
p1459,p1664
p1460,p1889
p1461,p1589
p1461,p1838
p1464,p1700
p1465,p1588
p1465,p1997
p1467,p1583
p1467,p1724
p1468,p1678
p1470,p1887
p1471,p1561
p1471,p1583
p1471,p1742
p1472,p1644
p1472,p1672
p1472,p1769
p1473,p1519
p1473,p1752
p1473,p1755
p1474,p1946
p1475,p1527
p1475,p1624
p1477,p1560
p1478,p1994
p1479,p1975
p1480,p1709
p1481,p1672
p1481,p1689
p1481,p1968
p1483,p1737
p1484,p1737
p1485,p1532
p1485,p1794
p1486,p1740
p1488,p1516
p1488,p1834
p1489,p1845
p1490,p1617
p1490,p1970
p1491,p1899
p1492,p1745
p1492,p1983
p1493,p1496
p1493,p1643
p1494,p1715
p1495,p1841
p1498,p1631
p1498,p1949
p1498,p1967
p1500,p1509
p1501,p1719
p1502,p1525
p1503,p1973
p1505,p1868
p1507,p1568
p1509,p1628
p1510,p1759
p1510,p1784
p1511,p1520
p1511,p1640
p1513,p1707
p1513,p1941
p1514,p1661
p1515,p1789
p1517,p1556
p1519,p1604
p1520,p1548
p1520,p1640
p1521,p1614
p1521,p1795
p1521,p1953
p1522,p1648
p1525,p1924
p1525,p1982
p1526,p1599
p1526,p1718
p1527,p1624
p1527,p1628
p1527,p1639
p1531,p1726
p1532,p1690
p1532,p1794
p1533,p1962
p1535,p1664
p1538,p1881
p1540,p1601
p1541,p1559
p1541,p1722
p1542,p1805
p1543,p1844
p1543,p1955
p1543,p1969
p1544,p1843
p1546,p1674
p1546,p1951
p1547,p1647
p1549,p1684
p1549,p1871
p1549,p1875
p1550,p1650
p1551,p1939
p1555,p1562
p1556,p1698
p1559,p1896
p1560,p1774
p1560,p1796
p1561,p1583
p1561,p1803
p1562,p1877
p1563,p1807
p1566,p1904
p1566,p1983
p1567,p1635
p1568,p1791
p1569,p1771
p1570,p1721
p1571,p1971
p1572,p1897
p1573,p1675
p1573,p1938
p1574,p1839
p1575,p1776
p1579,p1820
p1579,p1870
p1580,p1600
p1581,p1686
p1583,p1612
p1586,p1910
p1588,p1933
p1594,p1695
p1596,p1882
p1597,p1610
p1598,p1812
p1598,p1882
p1599,p1784
p1602,p1652
p1605,p1929
p1607,p1802
p1607,p1826
p1607,p1893
p1608,p1765
p1609,p1688
p1609,p1944
p1610,p1819
p1611,p1847
p1611,p1888
p1612,p1803
p1613,p1901
p1615,p1887
p1617,p1851
p1617,p1892
p1618,p1892
p1619,p1879
p1620,p1627
p1621,p1705
p1621,p1916
p1622,p1821
p1622,p1862
p1622,p1954
p1623,p1707
p1624,p1641
p1627,p1983
p1629,p1813
p1632,p1739
p1633,p1905
p1637,p1744
p1639,p1641
p1639,p1860
p1640,p1928
p1641,p1822
p1646,p1653
p1646,p1794
p1648,p1702
p1649,p1866
p1649,p1999
p1651,p1795
p1651,p1953
p1651,p1976
p1652,p1908
p1655,p1693
p1660,p1869
p1665,p1804
p1665,p1925
p1666,p1694
p1668,p1930
p1669,p1713
p1669,p1734
p1672,p1968
p1674,p1703
p1674,p1932
p1675,p1938
p1677,p1778
p1677,p1854
p1677,p1901
p1682,p1863
p1684,p1871
p1684,p1926
p1685,p1823
p1685,p1939
p1688,p1765
p1689,p1769
p1691,p1761
p1692,p1772
p1694,p1825
p1695,p1818
p1697,p1813
p1699,p1880
p1701,p1921
p1702,p1839
p1702,p1947
p1703,p1932
p1704,p1857
p1707,p1941
p1708,p1766
p1713,p1797
p1714,p1749
p1715,p1780
p1720,p1991
p1723,p1782
p1726,p1850
p1728,p1873
p1730,p1873
p1734,p1869
p1735,p1883
p1736,p1750
p1738,p1758
p1741,p1884
p1745,p1904
p1746,p1816
p1746,p1843
p1752,p1917
p1754,p1840
p1759,p1973
p1761,p1995
p1762,p1960
p1763,p1874
p1763,p1885
p1770,p1974
p1780,p1830
p1785,p1847
p1785,p1921
p1786,p1812
p1788,p1795
p1789,p1831
p1793,p1833
p1793,p1927
p1795,p1976
p1796,p1920
p1800,p1816
p1802,p1826
p1803,p1835
p1806,p1854
p1807,p1980
p1810,p1852
p1810,p1925
p1816,p1843
p1821,p1862
p1822,p1924
p1823,p1837
p1823,p1939
p1829,p1935
p1830,p1856
p1832,p1844
p1832,p1990
p1837,p1939
p1841,p1877
p1844,p1969
p1844,p1990
p1847,p1888
p1848,p1874
p1851,p1892
p1852,p1925
p1852,p1940
p1854,p1901
p1857,p1978
p1864,p1883
p1865,p1910
p1867,p1918
p1874,p1885
p1881,p1981
p1882,p1919
p1891,p1958
p1902,p1930
p1904,p1983
p1906,p1940
p1912,p1934
p1924,p1982
p1952,p1962
p1952,p1963
p1965,p1997
p1969,p1990
